code,tid,dur_ratio
C2012-13,0,0.12
C2012-13,1,0.0
C2012-13,2,0.0
C2012-13,3,0.0
C2012-13,4,0.0
C2012-13,5,0.0
C2012-13,6,-0.2
C2012-13,7,0.0
C2012-13,8,0.0
C2012-13,9,0.0
C2012-13,10,0.0
C2012-13,11,0.0
C2012-13,12,0.0
C2012-13,13,-0.6
C2012-13,14,-0.4
C2012-13,15,0.0
C2012-13,16,0.0
C2012-13,17,0.0
C2012-13,18,0.0
C2012-13,19,0.0
C2012-13,20,0.0
C2012-13,21,0.0
C2012-13,22,0.0
C2012-13,23,0.0
C2012-13,24,0.0
C2012-13,25,0.0
C2012-13,26,0.5
C2012-13,27,0.0
C2012-13,28,0.0
C2012-13,29,0.0
C2012-13,30,0.0
C2012-13,31,1.0
C2012-13,32,1.0
C2012-13,33,1.0
C2012-13,34,0.0
C2012-13,35,0.0
C2012-13,36,0.0
C2012-13,37,0.0
C2012-13,38,0.0
C2012-13,39,0.0
C2012-13,40,0.0
C2012-13,41,0.0
C2012-13,42,0.0
C2012-13,43,0.0
C2012-13,44,0.0
C2012-13,45,0.0
C2012-13,46,0.0
C2012-13,47,0.0
C2012-13,48,3.0
C2012-13,49,1.0
C2012-13,50,0.0
C2012-13,51,0.0
C2012-13,52,0.0
C2012-13,53,0.25
C2012-13,54,0.0
C2012-13,55,0.0
C2012-13,56,0.0
C2012-13,57,1.0
C2012-13,58,0.3333333333333333
C2012-13,59,0.0
C2012-13,60,0.0
C2012-13,61,1.0
C2012-13,62,-0.2
C2012-13,63,1.0
C2012-13,64,0.0
C2012-13,65,0.0
C2012-13,66,0.0
C2012-13,67,0.0
C2012-13,68,0.0
C2012-13,69,-0.375
C2012-13,70,0.0
C2012-13,71,0.0
C2012-13,72,0.0
C2012-13,73,0.0
C2012-13,74,-0.4444444444444444
C2013-01,0,0.0
C2013-01,1,-0.013157894736842105
C2013-01,2,0.0
C2013-01,3,0.0
C2013-01,4,0.0
C2013-01,5,0.0
C2013-01,6,0.04
C2013-01,7,0.0
C2013-01,8,0.0
C2013-01,9,0.0
C2013-01,10,0.0
C2013-01,11,0.0
C2013-01,12,0.0
C2013-01,13,-0.25
C2013-01,14,0.0
C2013-01,15,0.0
C2013-01,16,0.0
C2013-01,17,0.0
C2013-01,18,0.0
C2013-01,19,0.0
C2013-01,20,0.0
C2013-01,21,0.0
C2013-01,22,0.0
C2013-01,23,0.0
C2013-01,24,0.0
C2013-01,25,0.0
C2013-01,26,0.0
C2013-01,27,0.0
C2013-01,28,0.0
C2013-01,29,0.0
C2013-01,30,4.4
C2013-01,31,4.4
C2013-01,32,0.12195121951219512
C2013-01,33,1.875
C2013-01,34,0.0
C2013-01,35,0.0
C2013-01,36,0.43243243243243246
C2013-01,37,0.0
C2013-01,38,0.0
C2013-01,39,0.5
C2013-01,40,0.0
C2013-01,41,0.0
C2013-01,42,0.3333333333333333
C2013-01,46,0.0
C2013-01,47,0.0
C2013-01,48,0.0
C2013-02,0,0.01240694789081886
C2013-02,1,0.0
C2013-02,2,0.0
C2013-02,3,0.39285714285714285
C2013-02,4,0.0
C2013-02,5,0.0
C2013-02,6,0.0
C2013-02,7,0.0
C2013-02,8,0.0
C2013-02,9,0.0
C2013-02,10,1.3333333333333333
C2013-02,11,0.3333333333333333
C2013-02,12,0.0
C2013-02,13,0.5614035087719298
C2013-02,14,0.0
C2013-02,15,0.058823529411764705
C2013-02,16,0.0
C2013-02,17,-0.3333333333333333
C2013-02,18,-0.3
C2013-02,19,1.3333333333333333
C2013-02,20,0.0
C2013-02,21,0.0
C2013-02,22,0.0
C2013-02,23,0.0
C2013-02,24,0.0
C2013-02,25,-0.6
C2013-02,26,20.714285714285715
C2013-02,27,0.0
C2013-02,28,0.0
C2013-02,29,0.0
C2013-02,30,0.0
C2013-02,31,1.773109243697479
C2013-02,32,0.0
C2013-02,33,0.42857142857142855
C2013-02,34,0.0
C2013-02,35,0.6666666666666666
C2013-02,36,0.2857142857142857
C2013-02,37,0.0
C2013-02,38,0.0
C2013-02,39,0.0
C2013-02,40,0.5
C2013-02,41,0.0
C2013-02,42,0.5
C2013-02,43,1.0
C2013-02,44,0.0
C2013-02,45,0.0
C2013-02,46,0.0
C2013-02,47,0.42857142857142855
C2013-02,48,0.0
C2013-02,49,-0.23076923076923078
C2013-02,50,3.0
C2013-02,51,0.0
C2013-02,52,0.0
C2013-02,53,0.0
C2013-02,54,0.0
C2013-02,55,1.7272727272727273
C2013-02,56,0.0
C2013-02,57,0.0
C2013-02,58,0.0
C2013-02,59,0.0
C2013-02,60,0.35
C2013-02,61,0.0
C2013-02,62,0.0
C2013-02,63,0.0
C2013-02,64,0.0
C2013-02,65,0.0
C2013-02,66,0.0
C2013-02,67,0.0
C2013-02,68,0.0
C2013-02,69,0.0
C2013-02,70,0.0
C2013-02,71,0.0
C2013-02,72,0.0
C2013-02,73,0.35294117647058826
C2013-02,74,0.0
C2013-02,75,0.0
C2013-02,76,0.0
C2013-02,77,0.847457627118644
C2013-02,78,0.3333333333333333
C2013-02,79,0.0
C2013-02,80,2.888888888888889
C2013-02,81,0.0
C2013-02,82,0.0
C2013-02,83,0.0
C2013-02,84,0.0
C2013-02,85,0.0
C2013-02,86,0.0
C2013-02,87,0.0
C2013-02,88,0.0
C2013-02,89,0.0
C2013-02,90,0.1111111111111111
C2013-02,91,0.0
C2013-02,92,0.0
C2013-02,93,0.0
C2013-02,94,0.0
C2013-02,95,0.0
C2013-02,96,-0.13793103448275862
C2013-02,97,0.0
C2013-02,98,0.0
C2013-02,99,0.0
C2013-02,100,0.0
C2013-02,101,0.0
C2013-02,102,0.0
C2013-02,103,0.0
C2013-02,104,0.0
C2013-02,105,-0.1
C2013-02,106,0.0
C2013-02,107,0.0
C2013-02,108,0.0
C2013-02,109,0.4074074074074074
C2013-02,110,0.0
C2013-02,111,0.0
C2013-02,112,0.0
C2013-02,113,0.0
C2013-02,114,0.0
C2013-02,115,0.0
C2013-02,116,0.5098039215686274
C2013-02,117,0.0
C2013-02,118,0.0
C2013-02,119,0.0
C2013-02,120,0.0
C2013-02,121,0.0
C2013-02,122,0.0
C2013-02,123,0.0
C2013-02,124,0.0
C2013-02,125,0.0
C2013-02,126,0.0
C2013-02,127,0.0
C2013-02,128,0.0
C2013-02,129,2.933333333333333
C2013-02,130,0.0
C2013-02,131,0.0
C2013-02,132,0.0
C2013-02,133,0.0
C2013-02,134,0.25
C2013-02,135,0.0
C2013-02,136,0.0
C2013-02,137,6.5
C2013-02,138,0.0
C2013-02,139,0.0
C2013-02,140,0.0
C2013-02,141,0.0
C2013-02,142,-0.8
C2013-02,143,0.0
C2013-02,144,0.0
C2013-02,145,0.0
C2013-02,146,0.0
C2013-02,147,0.0
C2013-02,148,0.0
C2013-02,149,-0.6461538461538462
C2013-02,150,0.65
C2013-02,151,-0.3
C2013-02,152,0.0
C2013-02,153,0.0
C2013-02,154,-0.8
C2013-02,155,-0.7
C2013-02,156,-0.1
C2013-02,157,0.4
C2013-02,158,0.4
C2013-02,159,1.1
C2013-02,160,-0.3
C2013-02,161,-0.1
C2013-02,162,0.0
C2013-02,163,0.0
C2013-02,164,0.0
C2013-02,165,-0.7
C2013-02,166,-0.8
C2013-02,167,0.0
C2013-02,168,0.0
C2013-02,169,0.0
C2013-02,170,0.0
C2013-02,171,0.0
C2013-02,172,-0.1
C2013-02,173,-0.1
C2013-02,174,0.0
C2013-02,175,0.0
C2013-02,176,-0.7
C2013-02,177,-0.7
C2013-02,178,-0.22
C2013-02,179,0.0
C2013-02,180,0.0
C2013-02,181,0.4
C2013-02,182,1.1
C2013-02,183,0.0
C2013-02,184,0.0
C2013-02,185,0.3
C2013-02,186,0.0
C2013-02,187,0.0
C2013-02,188,0.0
C2013-02,189,3.7
C2013-02,190,-0.7
C2013-02,191,-0.3
C2013-02,192,-0.3
C2013-02,193,0.4
C2013-02,194,1.1
C2013-02,195,-0.3
C2013-02,196,0.4
C2013-02,197,-0.3
C2013-02,198,0.0
C2013-02,199,-0.7
C2013-02,200,3.7
C2013-02,201,-0.2
C2013-02,202,0.0
C2013-02,203,0.0
C2013-02,204,0.0
C2013-02,205,0.0
C2013-02,206,0.0
C2013-02,207,0.0
C2013-02,208,0.0
C2013-02,209,-0.2
C2013-02,210,-0.2
C2013-02,211,0.0
C2013-02,212,0.0
C2013-02,213,0.0
C2013-02,214,0.0
C2013-02,215,0.0
C2013-02,216,0.0
C2013-02,217,0.0
C2013-02,218,0.0
C2013-02,219,0.0
C2013-02,220,0.0
C2013-03,0,0.002352941176470588
C2013-03,1,0.002352941176470588
C2013-03,2,-0.09411764705882353
C2013-03,9,0.00546448087431694
C2013-03,10,0.0
C2013-03,11,0.0
C2013-03,12,0.0
C2013-03,13,0.0
C2013-03,14,0.0
C2013-03,15,0.025
C2013-03,16,0.0
C2013-03,17,0.0
C2013-03,18,0.0
C2013-03,19,0.0
C2013-03,20,0.0
C2013-03,21,0.625
C2013-03,765,0.15483870967741936
C2013-03,764,0.0
C2013-03,45,0.8888888888888888
C2013-03,46,2.4
C2013-03,48,0.0
C2013-03,49,0.19827586206896552
C2013-03,50,0.0
C2013-03,51,0.0
C2013-03,52,0.0
C2013-03,53,0.0
C2013-03,54,0.0
C2013-03,55,0.5454545454545454
C2013-03,56,0.0
C2013-03,57,0.0
C2013-03,58,0.675
C2013-03,59,0.0
C2013-03,61,0.3939393939393939
C2013-03,62,0.2564102564102564
C2013-03,63,1.5142857142857142
C2013-03,64,0.58
C2013-03,65,-0.08333333333333333
C2013-03,66,0.88
C2013-03,67,1.2
C2013-03,68,0.0
C2013-03,69,0.0
C2013-03,752,-0.52734375
C2013-03,753,-0.48616600790513836
C2013-03,754,-0.5
C2013-03,755,-0.3157894736842105
C2013-03,756,-0.47540983606557374
C2013-03,757,-0.4896265560165975
C2013-03,758,-0.451063829787234
C2013-03,759,-0.5258620689655172
C2013-03,760,-0.011494252873563218
C2013-03,761,-0.5694444444444444
C2013-03,762,-0.6930232558139535
C2013-03,763,-0.6915887850467289
C2013-03,742,0.023474178403755867
C2013-03,743,-0.009389671361502348
C2013-03,744,0.4423076923076923
C2013-03,745,-0.43103448275862066
C2013-03,746,0.0
C2013-03,747,3.268292682926829
C2013-03,748,0.0975609756097561
C2013-03,749,0.024390243902439025
C2013-03,750,0.04878048780487805
C2013-03,751,-0.43902439024390244
C2013-04,0,0.36036036036036034
C2013-04,1,0.33633633633633636
C2013-04,2,0.0
C2013-04,3,0.0
C2013-04,4,0.0
C2013-04,5,0.0
C2013-04,6,0.3442622950819672
C2013-04,9,-0.6019900497512438
C2013-04,10,0.0
C2013-04,11,0.0
C2013-04,12,0.0
C2013-04,13,0.0
C2013-04,14,0.0
C2013-04,15,0.0
C2013-04,16,0.0
C2013-04,17,0.0
C2013-04,18,0.39009287925696595
C2013-04,19,0.5714285714285714
C2013-04,20,0.0
C2013-04,21,0.0
C2013-04,22,0.0
C2013-04,23,0.0
C2013-04,24,0.0
C2013-04,25,0.0
C2013-04,26,0.0
C2013-04,27,0.0
C2013-04,28,0.0
C2013-04,29,0.0
C2013-04,30,-0.09090909090909091
C2013-04,31,0.0
C2013-04,32,0.0
C2013-04,33,0.0
C2013-04,34,0.0
C2013-04,35,0.0
C2013-04,36,0.0
C2013-04,37,0.0
C2013-04,38,0.03529411764705882
C2013-04,39,0.0
C2013-04,40,0.0
C2013-04,41,0.03225806451612903
C2013-04,42,0.0
C2013-04,43,1.2857142857142858
C2013-04,44,1.0
C2013-04,45,0.0
C2013-04,46,-0.5
C2013-04,47,0.0
C2013-04,48,0.0
C2013-04,49,0.0
C2013-04,50,0.0
C2013-04,51,0.0
C2013-04,52,0.0
C2013-04,53,0.0
C2013-04,54,-0.3333333333333333
C2013-04,55,-0.3333333333333333
C2013-04,56,-0.3333333333333333
C2013-04,57,0.0
C2013-04,58,0.0
C2013-04,59,0.07142857142857142
C2013-04,60,0.0
C2013-04,61,0.0
C2013-04,62,0.0
C2013-04,63,0.0
C2013-04,64,0.0
C2013-04,65,0.0
C2013-04,66,0.0
C2013-04,67,0.0
C2013-04,68,0.0
C2013-04,69,0.0
C2013-04,70,-0.6666666666666666
C2013-04,71,-0.6666666666666666
C2013-04,72,-0.6666666666666666
C2013-04,73,0.0
C2013-04,74,0.0
C2013-04,75,-0.07142857142857142
C2013-04,76,0.0
C2013-04,77,0.0
C2013-04,78,0.0
C2013-04,79,0.0
C2013-04,80,0.0
C2013-04,81,0.0
C2013-04,82,0.0
C2013-04,83,0.0
C2013-04,84,0.0
C2013-04,85,0.0
C2013-04,86,-0.6666666666666666
C2013-04,87,-0.6666666666666666
C2013-04,88,-0.6666666666666666
C2013-04,89,0.0
C2013-04,90,0.0
C2013-04,91,-0.06666666666666667
C2013-04,92,0.0
C2013-04,93,0.0
C2013-04,94,0.0
C2013-04,95,0.0
C2013-04,96,0.0
C2013-04,97,0.0
C2013-04,98,0.0
C2013-04,99,0.0
C2013-04,100,0.0
C2013-04,101,0.0
C2013-04,102,-0.6666666666666666
C2013-04,103,-0.6666666666666666
C2013-04,104,-0.6666666666666666
C2013-04,105,0.0
C2013-04,106,0.0
C2013-04,107,-0.125
C2013-04,108,0.0
C2013-04,109,0.0
C2013-04,110,0.0
C2013-04,111,0.0
C2013-04,112,0.0
C2013-04,113,0.0
C2013-04,114,0.0
C2013-04,115,0.0
C2013-04,116,0.0
C2013-04,117,0.0
C2013-04,118,-0.6666666666666666
C2013-04,119,-0.6666666666666666
C2013-04,120,-0.6666666666666666
C2013-04,121,0.0
C2013-04,122,0.0
C2013-04,123,0.21428571428571427
C2013-04,124,0.0
C2013-04,125,0.0
C2013-04,126,0.0
C2013-04,127,0.0
C2013-04,128,0.0
C2013-04,129,0.0
C2013-04,130,0.0
C2013-04,131,0.0
C2013-04,132,0.0
C2013-04,133,0.0
C2013-04,134,-0.6666666666666666
C2013-04,135,-0.6666666666666666
C2013-04,136,-0.6666666666666666
C2013-04,137,0.0
C2013-04,138,0.0
C2013-04,139,-0.4583333333333333
C2013-04,140,0.0
C2013-04,141,0.0
C2013-04,142,0.0
C2013-04,143,0.0
C2013-04,144,0.0
C2013-04,145,0.0
C2013-04,146,0.0
C2013-04,147,0.0
C2013-04,148,0.0
C2013-04,149,0.0
C2013-04,150,-0.6666666666666666
C2013-04,151,-0.6666666666666666
C2013-04,152,-0.6666666666666666
C2013-04,153,0.0
C2013-04,154,0.0
C2013-04,155,0.21428571428571427
C2013-04,156,0.0
C2013-04,157,0.0
C2013-04,158,0.0
C2013-04,159,0.0
C2013-04,160,0.0
C2013-04,161,0.0
C2013-04,162,0.0
C2013-04,163,0.0
C2013-04,164,0.0
C2013-04,165,0.0
C2013-04,166,0.0
C2013-04,167,0.0
C2013-04,168,0.0
C2013-04,169,0.0
C2013-04,170,0.0
C2013-04,171,0.0
C2013-04,172,0.0
C2013-04,173,0.0
C2013-04,174,0.0
C2013-04,175,0.0
C2013-04,176,0.0
C2013-04,177,0.0
C2013-04,178,0.0
C2013-04,179,0.0
C2013-04,180,0.0
C2013-04,181,0.0
C2013-04,182,0.0
C2013-04,183,0.0
C2013-04,184,0.0
C2013-04,185,0.0
C2013-04,186,0.0
C2013-04,187,2.642857142857143
C2013-04,188,0.0
C2013-04,189,0.0
C2013-04,190,0.0
C2013-04,191,0.0
C2013-04,192,0.0
C2013-04,193,0.0
C2013-04,194,0.0
C2013-04,195,0.0
C2013-04,196,0.0
C2013-04,197,0.0
C2013-04,198,0.0
C2013-04,199,0.0
C2013-04,200,0.0
C2013-04,201,0.0
C2013-04,202,0.0
C2013-04,203,0.7857142857142857
C2013-04,204,0.0
C2013-04,205,0.0
C2013-04,206,0.0
C2013-04,207,0.0
C2013-04,208,0.0
C2013-04,209,0.0
C2013-04,210,0.0
C2013-04,211,0.0
C2013-04,212,0.0
C2013-04,213,0.0
C2013-04,214,0.0
C2013-04,215,0.0
C2013-04,216,0.0
C2013-04,217,0.0
C2013-04,218,0.0
C2013-04,219,-0.06666666666666667
C2013-04,220,0.0
C2013-04,221,0.0
C2013-04,222,0.0
C2013-04,223,0.0
C2013-04,224,0.0
C2013-04,225,0.0
C2013-04,226,0.0
C2013-04,227,0.0
C2013-04,228,0.0
C2013-04,229,0.0
C2013-04,230,0.0
C2013-04,231,0.0
C2013-04,232,0.0
C2013-04,233,0.0
C2013-04,234,0.0
C2013-04,235,0.14285714285714285
C2013-04,236,0.0
C2013-04,237,0.0
C2013-04,238,0.0
C2013-04,239,0.0
C2013-04,240,0.0
C2013-04,241,0.0
C2013-04,242,0.0
C2013-04,243,0.0
C2013-04,244,0.0
C2013-04,245,0.0
C2013-04,246,0.0
C2013-04,247,0.0
C2013-04,248,0.0
C2013-04,249,0.0
C2013-04,250,0.0
C2013-04,251,0.2
C2013-04,252,0.0
C2013-04,253,0.0
C2013-04,254,0.0
C2013-04,255,0.0
C2013-04,256,0.0
C2013-04,257,0.0
C2013-04,258,0.0
C2013-04,259,0.0
C2013-04,260,0.0
C2013-04,261,0.0
C2013-04,262,0.0
C2013-04,263,0.0
C2013-04,264,0.0
C2013-04,265,0.0
C2013-04,266,0.0
C2013-04,267,0.23255813953488372
C2013-04,268,0.0
C2013-04,269,0.0
C2013-04,270,0.0
C2013-04,271,0.0
C2013-04,272,0.0
C2013-04,273,0.0
C2013-06,0,-0.022727272727272728
C2013-06,456,0.0
C2013-06,468,0.0
C2013-06,458,0.0
C2013-06,459,0.0
C2013-06,460,0.0
C2013-06,461,0.0
C2013-06,462,0.0
C2013-06,463,0.0
C2013-06,464,0.0
C2013-06,457,0.0
C2013-06,465,0.0
C2013-06,466,0.0
C2013-06,467,0.0
C2013-06,436,-0.1813953488372093
C2013-06,416,-0.08823529411764706
C2013-06,1,0.0
C2013-06,2,0.0
C2013-06,3,0.0
C2013-06,4,0.0
C2013-06,5,0.0
C2013-06,6,0.0
C2013-06,475,2.533333333333333
C2013-06,476,0.4
C2013-06,477,2.7333333333333334
C2013-06,478,1.1
C2013-06,479,1.1
C2013-06,480,0.4
C2013-06,481,0.0
C2013-06,482,-0.2
C2013-06,483,-0.2
C2013-06,484,-0.2
C2013-06,485,-0.2
C2013-06,486,-0.2
C2013-06,487,-0.2
C2013-06,488,-0.2
C2013-06,489,-0.2
C2013-06,490,-0.2
C2013-06,491,-0.2
C2013-06,492,-0.2
C2013-06,493,-0.2
C2013-06,438,-0.22388059701492538
C2013-06,437,-0.22388059701492538
C2013-06,182,0.0
C2013-06,183,1.0
C2013-06,184,0.0
C2013-06,185,1.0
C2013-06,186,-0.2
C2013-06,187,0.0
C2013-06,440,-0.2742857142857143
C2013-06,439,-0.2742857142857143
C2013-06,188,0.0
C2013-06,189,-0.6666666666666666
C2013-06,190,0.5272727272727272
C2013-06,191,-0.2
C2013-06,192,-0.5285714285714286
C2013-06,193,0.0
C2013-06,441,-0.029411764705882353
C2013-06,274,0.0
C2013-06,275,0.0
C2013-06,276,0.0
C2013-06,277,0.0
C2013-06,278,0.0
C2013-06,279,0.0
C2013-06,280,0.0
C2013-06,281,0.0
C2013-06,282,0.0
C2013-06,283,0.0
C2013-06,284,0.0
C2013-06,285,0.75
C2013-06,286,0.3333333333333333
C2013-06,287,0.5
C2013-06,288,0.0
C2013-06,289,0.0
C2013-06,290,0.5
C2013-06,291,0.0
C2013-06,292,0.0
C2013-06,442,-0.1
C2013-06,258,0.0
C2013-06,259,0.0
C2013-06,260,0.0
C2013-06,261,0.0
C2013-06,262,0.0
C2013-06,263,0.0
C2013-06,264,0.0
C2013-06,265,0.0
C2013-06,266,0.0
C2013-06,267,0.75
C2013-06,268,0.0
C2013-06,269,0.5
C2013-06,270,0.0
C2013-06,271,0.3
C2013-06,272,0.0
C2013-06,273,-0.4
C2013-06,443,0.0
C2013-06,414,0.0
C2013-06,415,0.0
C2013-06,444,-0.2781456953642384
C2013-06,194,0.0
C2013-06,195,0.0
C2013-06,196,0.6666666666666666
C2013-06,197,0.0
C2013-06,198,0.0
C2013-06,199,0.0
C2013-06,200,0.0
C2013-06,201,0.0
C2013-06,202,0.0
C2013-06,203,0.0
C2013-06,204,0.0
C2013-06,205,0.0
C2013-06,206,0.0
C2013-06,207,0.0
C2013-06,208,0.0
C2013-06,209,0.0
C2013-06,445,0.3181818181818182
C2013-06,210,0.0
C2013-06,211,0.0
C2013-06,212,0.0
C2013-06,213,0.0
C2013-06,214,0.0
C2013-06,215,0.0
C2013-06,216,0.0
C2013-06,217,0.0
C2013-06,218,0.0
C2013-06,219,0.5
C2013-06,220,0.0
C2013-06,221,0.5
C2013-06,222,0.0
C2013-06,223,0.5
C2013-06,224,0.0
C2013-06,225,0.0
C2013-06,446,0.1650485436893204
C2013-06,226,0.0
C2013-06,227,0.0
C2013-06,228,0.0
C2013-06,229,0.0
C2013-06,230,0.0
C2013-06,231,0.0
C2013-06,232,0.0
C2013-06,233,0.0
C2013-06,234,0.0
C2013-06,235,0.0
C2013-06,236,0.5
C2013-06,237,0.5
C2013-06,238,0.0
C2013-06,239,0.5
C2013-06,240,0.0
C2013-06,241,0.0
C2013-06,447,0.1650485436893204
C2013-06,242,0.0
C2013-06,243,0.0
C2013-06,244,0.0
C2013-06,245,0.0
C2013-06,246,0.0
C2013-06,247,0.0
C2013-06,248,0.0
C2013-06,249,0.0
C2013-06,250,0.0
C2013-06,251,0.75
C2013-06,252,0.0
C2013-06,253,0.5
C2013-06,254,0.0
C2013-06,255,0.5
C2013-06,256,0.0
C2013-06,257,0.0
C2013-06,448,0.1941747572815534
C2013-06,293,0.0
C2013-06,294,0.0
C2013-06,295,0.0
C2013-06,296,0.0
C2013-06,297,0.0
C2013-06,298,0.0
C2013-06,299,0.0
C2013-06,300,0.0
C2013-06,301,0.0
C2013-06,302,0.0
C2013-06,303,0.75
C2013-06,304,0.5
C2013-06,305,0.0
C2013-06,306,0.5
C2013-06,307,0.0
C2013-06,308,0.0
C2013-06,449,0.1941747572815534
C2013-06,309,0.0
C2013-06,310,0.0
C2013-06,311,0.0
C2013-06,312,0.0
C2013-06,313,0.0
C2013-06,314,0.0
C2013-06,315,0.0
C2013-06,316,0.0
C2013-06,317,0.0
C2013-06,318,0.75
C2013-06,319,0.0
C2013-06,320,0.5
C2013-06,321,0.0
C2013-06,322,0.5
C2013-06,323,0.0
C2013-06,324,0.0
C2013-06,450,0.24731182795698925
C2013-06,325,0.0
C2013-06,326,0.0
C2013-06,327,0.0
C2013-06,328,0.0
C2013-06,329,0.0
C2013-06,330,0.0
C2013-06,331,0.0
C2013-06,332,0.0
C2013-06,333,0.0
C2013-06,334,0.0
C2013-06,335,0.75
C2013-06,336,0.5
C2013-06,337,0.0
C2013-06,338,0.5
C2013-06,339,0.0
C2013-06,340,0.0
C2013-06,451,0.27956989247311825
C2013-06,341,0.0
C2013-06,342,0.0
C2013-06,343,0.0
C2013-06,344,0.0
C2013-06,345,0.0
C2013-06,346,0.0
C2013-06,347,0.0
C2013-06,348,0.0
C2013-06,349,0.0
C2013-06,350,0.75
C2013-06,351,0.0
C2013-06,352,0.5
C2013-06,353,0.0
C2013-06,354,0.5
C2013-06,355,0.0
C2013-06,356,0.0
C2013-06,452,0.4457831325301205
C2013-06,357,0.0
C2013-06,358,0.0
C2013-06,359,0.0
C2013-06,360,0.0
C2013-06,361,0.0
C2013-06,362,0.0
C2013-06,363,0.0
C2013-06,364,0.0
C2013-06,365,0.0
C2013-06,366,0.0
C2013-06,367,1.0
C2013-06,368,0.5
C2013-06,369,0.0
C2013-06,370,0.5
C2013-06,371,0.0
C2013-06,372,0.0
C2013-06,453,0.5542168674698795
C2013-06,373,0.0
C2013-06,374,0.0
C2013-06,375,0.0
C2013-06,376,0.0
C2013-06,377,0.0
C2013-06,378,0.0
C2013-06,379,0.0
C2013-06,380,0.0
C2013-06,381,0.0
C2013-06,382,0.75
C2013-06,383,0.0
C2013-06,384,0.5
C2013-06,385,0.0
C2013-06,386,0.5
C2013-06,387,0.0
C2013-06,388,0.0
C2013-06,454,0.08064516129032258
C2013-06,389,0.0
C2013-06,390,0.0
C2013-06,391,0.0
C2013-06,392,0.0
C2013-06,393,0.0
C2013-06,394,0.0
C2013-06,395,0.0
C2013-06,396,0.0
C2013-06,397,0.0
C2013-06,398,0.0
C2013-06,399,0.75
C2013-06,400,0.5
C2013-06,401,0.0
C2013-06,402,0.5
C2013-06,403,0.0
C2013-06,404,0.0
C2013-06,405,0.0
C2013-06,455,0.2708333333333333
C2013-06,406,0.0
C2013-06,407,0.0
C2013-06,408,0.0
C2013-06,410,0.5
C2013-06,411,0.0
C2013-06,412,0.5
C2013-06,413,0.0
C2013-06,469,0.0
C2013-06,474,0.0
C2013-06,470,0.0
C2013-06,471,0.0
C2013-06,472,0.0
C2013-06,473,0.0
C2013-07,0,0.023529411764705882
C2013-07,62,0.0
C2013-07,61,0.0
C2013-07,1,0.08695652173913043
C2013-07,2,0.0
C2013-07,3,0.125
C2013-07,4,0.0
C2013-07,5,0.0
C2013-07,6,-0.6666666666666666
C2013-07,7,0.0
C2013-07,8,0.0
C2013-07,9,-0.45
C2013-07,10,0.0
C2013-07,11,-0.3333333333333333
C2013-07,12,-0.75
C2013-07,13,-0.5
C2013-07,14,0.0
C2013-07,15,-0.3333333333333333
C2013-07,16,0.09090909090909091
C2013-07,17,-0.09090909090909091
C2013-07,18,0.0
C2013-07,19,0.0
C2013-07,20,0.0625
C2013-07,21,0.0
C2013-07,22,0.0
C2013-07,23,0.0
C2013-07,25,0.0
C2013-07,26,0.0
C2013-07,27,0.0
C2013-07,28,0.1
C2013-07,29,0.07692307692307693
C2013-07,30,0.0
C2013-07,31,0.0
C2013-07,32,0.0
C2013-07,33,0.0
C2013-07,63,0.0
C2013-07,34,0.0
C2013-07,35,0.46153846153846156
C2013-07,36,0.0
C2013-07,37,0.8
C2013-07,38,0.17391304347826086
C2013-07,39,0.0
C2013-07,40,0.0
C2013-07,41,0.0
C2013-07,42,0.21052631578947367
C2013-07,43,0.0
C2013-07,44,0.0
C2013-07,45,0.18181818181818182
C2013-07,46,0.0
C2013-07,47,0.0
C2013-07,48,0.23529411764705882
C2013-07,49,0.0
C2013-07,50,0.0
C2013-07,51,0.3939393939393939
C2013-07,52,0.0
C2013-07,53,0.6666666666666666
C2013-07,54,0.9090909090909091
C2013-07,55,0.0
C2013-07,56,0.0
C2013-07,57,0.11851851851851852
C2013-07,58,0.0
C2013-07,59,0.0
C2013-07,60,0.0
C2013-08,0,0.08796296296296297
C2013-08,2,0.0
C2013-08,1,0.0
C2013-08,3,0.0
C2013-08,4,0.0
C2013-08,5,0.0
C2013-08,6,0.0
C2013-08,7,0.0
C2013-08,9,0.0
C2013-08,8,0.0
C2013-08,10,0.2
C2013-08,11,0.0
C2013-08,13,0.0
C2013-08,15,0.3333333333333333
C2013-08,14,0.0
C2013-08,16,0.0
C2013-08,18,-0.4
C2013-08,17,-0.2
C2013-08,19,0.0
C2013-08,21,0.6666666666666666
C2013-08,20,0.0
C2013-08,22,0.5
C2013-08,23,0.5
C2013-08,24,0.0
C2013-08,25,1.0
C2013-08,27,0.2857142857142857
C2013-08,26,0.0
C2013-08,28,0.0
C2013-08,29,1.0
C2013-08,30,0.5
C2013-08,31,0.0
C2013-08,33,3.7857142857142856
C2013-08,32,1.0
C2013-08,34,0.6666666666666666
C2013-08,55,0.0
C2013-08,35,-0.6666666666666666
C2013-08,37,0.07894736842105263
C2013-08,38,0.25
C2013-08,54,0.0
C2013-08,39,0.0
C2013-08,40,0.0
C2013-08,41,0.0
C2013-08,42,3.0
C2013-08,43,0.0
C2013-08,44,0.0
C2013-08,46,4.0
C2013-08,45,0.0
C2013-08,47,0.0
C2013-08,48,0.0
C2013-08,50,-0.5
C2013-08,49,0.0
C2013-08,52,-0.5
C2013-10,0,-0.001272264631043257
C2013-10,1,0.0
C2013-10,2,0.0
C2013-10,3,0.0
C2013-10,4,0.0
C2013-10,5,0.0
C2013-10,6,0.0
C2013-10,8,0.0
C2013-10,9,0.0
C2013-10,12,-0.016597510373443983
C2013-10,11,-0.02247191011235955
C2013-10,14,0.2
C2013-10,13,0.2
C2013-10,16,0.6153846153846154
C2013-10,15,0.3333333333333333
C2013-10,17,0.0
C2013-10,18,0.0
C2013-10,20,-0.05555555555555555
C2013-10,19,1.5
C2013-10,21,0.0
C2013-10,22,-0.7222222222222222
C2013-10,23,1.5
C2013-10,24,0.0
C2013-10,26,-0.10526315789473684
C2013-10,25,0.0
C2013-10,27,-0.2647058823529412
C2013-10,28,-0.5
C2013-10,29,-0.6176470588235294
C2013-10,31,0.125
C2013-10,33,0.0
C2013-10,32,0.0
C2013-10,35,0.0
C2013-10,34,1.0
C2013-10,36,0.0
C2013-10,37,0.0
C2013-10,39,1.0
C2013-10,38,1.0
C2013-10,40,0.0
C2013-10,41,-0.6
C2013-10,42,0.5
C2013-10,43,1.0
C2013-10,45,0.11538461538461539
C2013-10,44,0.5
C2013-10,46,-0.4
C2013-10,47,0.0
C2013-10,48,0.0
C2013-10,50,0.16091954022988506
C2013-10,52,0.0
C2013-10,51,0.0
C2013-10,54,0.0
C2013-10,53,1.0
C2013-10,55,0.0
C2013-10,56,0.0
C2013-10,58,-0.4166666666666667
C2013-10,57,0.5
C2013-10,59,0.0
C2013-10,60,-0.6
C2013-10,61,0.0
C2013-10,62,0.0
C2013-10,64,0.15
C2013-10,63,0.0
C2013-10,65,-0.4
C2013-10,66,0.0
C2013-10,67,0.0
C2013-10,69,0.5
C2013-10,71,1.3333333333333333
C2013-10,70,1.3333333333333333
C2013-10,73,0.7142857142857143
C2013-10,72,7.0
C2013-10,74,0.0
C2013-10,75,2.0
C2013-10,77,-0.23076923076923078
C2013-10,76,1.0
C2013-10,78,0.0
C2013-10,79,-0.5
C2013-10,80,0.0
C2013-10,81,0.0
C2013-10,83,1.2352941176470589
C2013-10,82,0.0
C2013-10,84,0.5
C2013-10,85,0.0
C2013-10,86,0.0
C2013-10,88,-0.265625
C2013-10,90,1.1666666666666667
C2013-10,89,1.1666666666666667
C2013-10,92,-0.42857142857142855
C2013-10,91,0.0
C2013-10,93,0.0
C2013-10,94,0.0
C2013-10,96,0.0
C2013-10,95,0.0
C2013-10,97,0.0
C2013-10,98,0.0
C2013-10,99,0.0
C2013-10,100,0.0
C2013-10,102,-0.36666666666666664
C2013-10,101,0.0
C2013-10,103,-0.72
C2013-10,104,-0.5
C2013-10,105,-0.5
C2013-10,126,0.37254901960784315
C2013-10,128,2.5
C2013-10,127,2.5
C2013-10,130,-0.375
C2013-10,129,0.0
C2013-10,131,-0.4
C2013-10,132,-0.5
C2013-10,134,-0.1
C2013-10,133,1.0
C2013-10,135,0.0
C2013-10,136,-0.625
C2013-10,137,0.0
C2013-10,138,0.0
C2013-10,140,-0.43478260869565216
C2013-10,139,0.0
C2013-10,141,-0.5
C2013-10,142,-0.25
C2013-10,143,0.0
C2013-10,145,-0.030303030303030304
C2013-10,147,1.0
C2013-10,146,1.0
C2013-10,149,-0.2
C2013-10,148,0.0
C2013-10,150,-0.3333333333333333
C2013-10,151,0.0
C2013-10,153,-0.5
C2013-10,152,-0.5
C2013-10,154,0.0
C2013-10,156,0.0
C2013-10,155,0.0
C2013-10,157,0.0
C2013-10,158,0.0
C2013-10,160,0.7241379310344828
C2013-10,162,0.0
C2013-10,161,0.0
C2013-10,164,0.0
C2013-10,163,0.0
C2013-10,165,0.0
C2013-10,166,0.0
C2013-10,167,0.0
C2013-10,169,0.36363636363636365
C2013-10,168,0.0
C2013-10,170,0.0
C2013-10,171,0.0
C2013-10,172,0.4
C2013-10,174,0.0
C2013-10,173,0.0
C2013-10,175,0.0
C2013-10,176,0.0
C2013-10,282,0.0
C2013-10,281,0.0
C2013-10,280,0.0
C2013-10,283,-0.25
C2013-10,284,0.0
C2013-10,286,0.22857142857142856
C2013-10,285,1.6
C2013-10,287,0.0
C2013-10,288,0.0
C2013-10,289,0.0
C2013-10,290,0.0
C2013-10,291,0.0
C2013-10,192,-0.004
C2013-10,191,6.409090909090909
C2013-10,190,0.0
C2013-10,189,0.0
C2013-10,193,0.0
C2013-10,195,38.0
C2013-10,194,0.0
C2013-10,196,0.0
C2013-10,198,0.0
C2013-10,197,0.0
C2013-10,200,0.0
C2013-10,199,0.0
C2013-10,201,0.0
C2013-10,202,0.0
C2013-10,203,0.0
C2013-10,206,0.0
C2013-10,205,0.0
C2013-10,204,0.0
C2013-10,207,0.0
C2013-10,208,0.0
C2013-10,209,0.0
C2013-10,210,0.0
C2013-10,212,0.0
C2013-10,211,0.0
C2013-10,213,0.0
C2013-10,215,0.0
C2013-10,214,0.0
C2013-10,216,0.0
C2013-10,217,0.0
C2013-10,218,0.0
C2013-10,219,0.0
C2013-10,220,0.0
C2013-10,223,0.0
C2013-10,222,0.0
C2013-10,221,0.0
C2013-10,224,0.0
C2013-10,227,0.0
C2013-10,226,-0.06451612903225806
C2013-10,225,0.0
C2013-10,229,0.0
C2013-10,230,0.0
C2013-10,231,0.0
C2013-10,232,0.0
C2013-10,233,0.0
C2013-10,235,0.0
C2013-10,234,0.0
C2013-10,237,0.0
C2013-10,236,0.0
C2013-10,238,0.0
C2013-10,240,0.0
C2013-10,239,0.0
C2013-10,244,0.0
C2013-10,243,0.0
C2013-10,242,0.0
C2013-10,245,0.0
C2013-10,246,0.0
C2013-10,247,0.0
C2013-10,249,0.0
C2013-10,248,0.0
C2013-10,250,0.0
C2013-10,252,0.0
C2013-10,251,0.0
C2013-10,255,0.022727272727272728
C2013-10,254,0.0
C2013-10,253,0.0
C2013-10,257,0.0
C2013-10,256,0.0
C2013-10,258,0.0
C2013-10,260,0.03333333333333333
C2013-10,259,0.03333333333333333
C2013-10,262,0.05217391304347826
C2013-10,261,0.0
C2013-10,263,0.13846153846153847
C2013-10,264,0.0
C2013-10,293,0.1111111111111111
C2013-10,292,-0.5
C2013-10,294,0.0
C2013-10,295,-0.2
C2013-10,297,-0.034482758620689655
C2013-10,296,0.0
C2013-10,298,0.21428571428571427
C2013-10,299,19.0
C2013-10,300,0.6666666666666666
C2013-10,301,0.14285714285714285
C2013-10,302,-0.1
C2013-10,303,0.0
C2013-10,305,-0.18333333333333332
C2013-10,304,0.16666666666666666
C2013-10,306,-0.1
C2013-10,308,0.8
C2013-10,307,0.0
C2013-10,309,0.0
C2013-10,310,0.5
C2013-10,311,-0.3333333333333333
C2013-10,312,0.0
C2013-10,314,0.2857142857142857
C2013-10,313,0.0
C2013-10,315,0.3333333333333333
C2013-10,316,-0.3333333333333333
C2013-10,317,0.2
C2013-10,318,0.2
C2013-11,0,-0.22841225626740946
C2013-11,2,-0.22841225626740946
C2013-11,3,-0.75
C2013-11,4,-0.75
C2013-11,5,0.03125
C2013-11,6,0.0
C2013-11,7,0.15217391304347827
C2013-11,266,0.0
C2013-11,267,0.0
C2013-11,8,0.0
C2013-11,9,0.3333333333333333
C2013-11,10,-0.16666666666666666
C2013-11,11,0.042105263157894736
C2013-11,12,0.0
C2013-11,13,0.0
C2013-11,14,-0.5
C2013-11,15,-0.5
C2013-11,16,-0.2638888888888889
C2013-11,17,-0.3333333333333333
C2013-11,18,-0.5
C2013-11,19,-0.36363636363636365
C2013-11,20,0.0
C2013-11,21,0.0
C2013-11,22,0.0
C2013-11,23,-0.32407407407407407
C2013-11,163,0.0
C2013-11,24,0.0
C2013-11,164,0.0
C2013-11,165,0.0
C2013-11,166,0.0
C2013-11,167,0.0
C2013-11,168,0.0
C2013-11,169,0.0
C2013-11,170,0.0
C2013-11,171,0.0
C2013-11,38,0.4
C2013-11,173,0.0
C2013-11,174,0.0
C2013-11,40,4.0
C2013-11,175,0.0
C2013-11,176,0.0
C2013-11,177,0.0
C2013-11,179,0.0
C2013-11,180,0.0
C2013-11,181,0.0
C2013-11,184,0.0
C2013-11,185,1.25
C2013-11,188,-0.4057971014492754
C2013-11,43,-0.375
C2013-11,187,0.0
C2013-11,189,-0.375
C2013-11,190,0.0
C2013-11,192,0.0
C2013-11,205,0.0
C2013-11,206,0.0
C2013-11,207,0.0
C2013-11,208,0.0
C2013-11,209,0.0
C2013-11,210,0.0
C2013-11,201,-0.14634146341463414
C2013-11,42,-0.375
C2013-11,211,0.0
C2013-11,45,-0.25
C2013-11,202,-0.16666666666666666
C2013-11,212,0.0
C2013-11,213,0.0
C2013-11,203,0.0
C2013-11,214,0.0
C2013-11,215,0.0
C2013-11,216,0.0
C2013-11,50,0.0
C2013-11,217,2.3333333333333335
C2013-11,218,-0.4
C2013-11,56,0.0
C2013-11,219,0.0
C2013-11,57,-0.47075208913649025
C2013-11,58,0.0
C2013-11,59,0.0
C2013-11,60,0.0
C2013-11,61,0.0
C2013-11,65,-0.4
C2013-11,66,-0.4
C2013-11,221,-0.2807017543859649
C2013-11,220,2.0
C2013-11,223,8.0
C2013-11,224,0.5
C2013-11,225,-0.1
C2013-11,226,8.0
C2013-11,227,0.42857142857142855
C2013-11,228,0.0
C2013-11,229,0.0
C2013-11,230,1.0
C2013-11,231,1.0
C2013-11,222,1.0
C2013-11,233,-0.6932270916334662
C2013-11,232,0.0
C2013-11,234,-0.75
C2013-11,235,0.0
C2013-11,236,0.0
C2013-11,238,0.0
C2013-11,239,0.0
C2013-11,240,-0.5
C2013-11,241,0.0
C2013-11,242,0.0
C2013-11,75,0.13636363636363635
C2013-11,76,0.13636363636363635
C2013-11,77,1.4
C2013-11,78,0.0
C2013-11,79,0.0
C2013-11,89,-0.03225806451612903
C2013-11,90,0.5
C2013-11,91,0.3888888888888889
C2013-11,92,0.0
C2013-11,93,0.0
C2013-11,94,-0.09090909090909091
C2013-11,95,0.0
C2013-11,96,0.0
C2013-11,97,2.8
C2013-11,98,0.0
C2013-11,99,1.4
C2013-11,100,0.0
C2013-11,101,0.0
C2013-11,102,0.0
C2013-11,103,0.0
C2013-11,104,0.0
C2013-11,105,0.0
C2013-11,106,0.0
C2013-11,107,0.0
C2013-11,108,0.0
C2013-11,109,0.0
C2013-11,110,0.7222222222222222
C2013-11,111,0.25
C2013-11,112,0.0
C2013-11,264,0.0
C2013-11,113,0.0
C2013-11,114,-0.7142857142857143
C2013-11,115,0.0
C2013-11,116,0.0
C2013-11,117,-0.3448275862068966
C2013-11,118,-0.3448275862068966
C2013-11,119,0.0
C2013-11,120,0.0
C2013-11,121,-0.5125348189415042
C2013-11,122,0.0
C2013-11,123,0.0
C2013-11,124,0.0
C2013-11,125,0.0
C2013-11,126,0.0
C2013-11,127,0.0
C2013-11,243,0.0
C2013-11,244,1.5
C2013-11,245,0.0
C2013-11,246,0.25
C2013-11,247,0.875
C2013-11,248,0.5
C2013-11,249,0.125
C2013-11,250,-0.25
C2013-11,251,0.25
C2013-11,252,0.0
C2013-11,253,0.125
C2013-11,254,0.125
C2013-11,255,0.25
C2013-11,256,0.42857142857142855
C2013-11,257,0.42857142857142855
C2013-11,258,0.0
C2013-11,259,1.1428571428571428
C2013-11,260,0.42857142857142855
C2013-11,261,0.0
C2013-11,262,-0.5714285714285714
C2013-11,263,0.42857142857142855
C2013-11,130,0.0
C2013-11,131,0.0
C2013-11,132,0.0
C2013-11,133,0.0
C2013-11,134,0.0
C2013-11,135,0.0
C2013-11,136,0.04807692307692308
C2013-11,137,0.04807692307692308
C2013-11,138,0.0
C2013-11,139,0.0
C2013-11,140,0.2
C2013-11,141,0.04807692307692308
C2013-11,142,0.0
C2013-11,143,0.0
C2013-11,144,0.2
C2013-11,145,0.04807692307692308
C2013-11,146,0.0
C2013-11,147,0.0
C2013-11,148,0.2
C2013-11,149,0.0
C2013-11,150,0.0
C2013-11,151,0.0
C2013-11,152,0.023255813953488372
C2013-11,153,0.0
C2013-11,154,0.0
C2013-11,155,0.0
C2013-11,156,-0.19230769230769232
C2013-11,157,0.0
C2013-11,158,0.0
C2013-11,159,2.3333333333333335
C2013-11,160,-0.2
C2013-11,161,0.0
C2014-01,0,-0.05485232067510549
C2014-01,13,0.0
C2014-01,66,-0.05485232067510549
C2014-01,15,0.0
C2014-01,16,0.028846153846153848
C2014-01,19,-0.12457912457912458
C2014-01,17,-0.058823529411764705
C2014-01,18,0.0
C2014-01,65,-0.1134020618556701
C2014-01,39,-0.1843137254901961
C2014-01,25,-0.1744186046511628
C2014-01,20,0.0
C2014-01,21,-0.16666666666666666
C2014-01,22,0.14285714285714285
C2014-01,23,-0.19230769230769232
C2014-01,24,-0.3548387096774194
C2014-01,38,-0.18285714285714286
C2014-01,26,-0.2
C2014-01,27,-0.2
C2014-01,28,-0.34782608695652173
C2014-01,29,-0.14285714285714285
C2014-01,30,-0.2
C2014-01,31,-0.25
C2014-01,32,0.2
C2014-01,33,-0.05
C2014-01,34,-0.05
C2014-01,35,-0.13636363636363635
C2014-01,36,-0.09523809523809523
C2014-01,37,-0.05
C2014-01,42,-0.19672131147540983
C2014-01,40,-0.33962264150943394
C2014-01,41,-0.046153846153846156
C2014-01,46,-0.02938034188034188
C2014-01,43,0.8172043010752689
C2014-01,44,0.22674418604651161
C2014-01,45,-0.9984567901234568
C2014-01,50,-0.08045977011494253
C2014-01,47,-0.08333333333333333
C2014-01,48,-0.046875
C2014-01,49,0.0
C2014-01,54,-0.054945054945054944
C2014-01,51,-0.16312056737588654
C2014-01,52,-0.028368794326241134
C2014-01,53,-0.03225806451612903
C2014-01,60,0.0639269406392694
C2014-01,55,0.0
C2014-01,56,0.0
C2014-01,57,0.043478260869565216
C2014-01,58,-0.08762886597938144
C2014-01,59,-0.23076923076923078
C2014-01,61,0.0
C2014-01,62,-0.20689655172413793
C2014-01,63,0.15
C2014-08,0,0.18025751072961374
C2014-08,40,0.1111111111111111
C2014-08,1,0.5
C2014-08,2,0.4
C2014-08,3,0.25
C2014-08,4,0.0
C2014-08,5,1.0
C2014-08,6,0.0
C2014-08,41,0.23417721518987342
C2014-08,7,0.5
C2014-08,8,-0.5
C2014-08,9,0.0
C2014-08,10,0.25
C2014-08,11,0.5
C2014-08,12,0.5
C2014-08,13,0.0
C2014-08,14,0.0
C2014-08,15,1.0
C2014-08,16,0.0
C2014-08,17,0.0
C2014-08,18,0.5
C2014-08,19,-0.3333333333333333
C2014-08,20,0.0
C2014-08,21,0.5
C2014-08,22,0.5
C2014-08,23,0.25
C2014-08,24,0.5
C2014-08,25,0.6666666666666666
C2014-08,42,0.2597402597402597
C2014-08,26,1.0
C2014-08,27,1.0
C2014-08,28,0.0
C2014-08,29,0.5
C2014-08,30,0.0
C2014-08,31,1.0
C2014-08,32,0.0
C2014-08,33,1.0
C2014-08,34,0.0
C2014-08,35,0.0
C2014-08,36,1.0
C2014-08,37,0.0
C2014-08,38,0.0
C2014-08,39,0.0
C2015-02,0,0.2014388489208633
C2015-02,49,1.5769230769230769
C2015-02,1,0.30434782608695654
C2015-02,2,0.0
C2015-02,3,7.0
C2015-02,4,-0.5
C2015-02,5,-0.07142857142857142
C2015-02,6,-0.42105263157894735
C2015-02,7,10.0
C2015-02,8,-0.2
C2015-02,9,0.5882352941176471
C2015-02,10,0.0
C2015-02,11,-0.2608695652173913
C2015-02,12,5.545454545454546
C2015-02,13,0.5
C2015-02,14,0.8372093023255814
C2015-02,15,0.3333333333333333
C2015-02,16,0.29508196721311475
C2015-02,17,0.6086956521739131
C2015-02,18,14.0
C2015-02,19,11.0
C2015-02,20,11.0
C2015-02,21,72.0
C2015-02,22,7.0
C2015-02,23,4.0
C2015-02,24,4.0
C2015-02,50,0.6439024390243903
C2015-02,25,-0.11428571428571428
C2015-02,26,0.0
C2015-02,27,-0.2765957446808511
C2015-02,28,0.030303030303030304
C2015-02,29,-0.5294117647058824
C2015-02,30,0.15384615384615385
C2015-02,31,0.0
C2015-02,32,11.0
C2015-02,33,-0.16
C2015-02,34,-0.19047619047619047
C2015-02,35,0.0
C2015-02,36,-0.2222222222222222
C2015-02,37,0.125
C2015-02,38,13.0
C2015-02,39,29.0
C2015-02,40,-0.25
C2015-02,41,-0.8648648648648649
C2015-02,42,0.29213483146067415
C2015-02,43,-0.26744186046511625
C2015-02,44,-0.5272727272727272
C2015-02,45,9.0
C2015-02,46,60.0
C2015-02,47,8.0
C2015-02,48,9.0
C2015-02,69,1.4653465346534653
C2015-02,51,-0.08823529411764706
C2015-02,52,0.0
C2015-02,53,-0.06451612903225806
C2015-02,54,0.0
C2015-02,55,-0.96
C2015-02,56,0.07142857142857142
C2015-02,57,0.6666666666666666
C2015-02,58,-0.9230769230769231
C2015-02,59,-0.7368421052631579
C2015-02,60,5.0
C2015-02,61,-0.26785714285714285
C2015-02,62,-0.09302325581395349
C2015-02,63,4.0
C2015-02,64,24.0
C2015-02,65,7.0
C2015-02,66,23.0
C2015-02,67,29.0
C2015-02,68,17.0
C2015-02,87,0.5925925925925926
C2015-02,70,-0.9761904761904762
C2015-02,71,0.9393939393939394
C2015-02,72,-0.5652173913043478
C2015-02,73,-0.4358974358974359
C2015-02,74,-0.4782608695652174
C2015-02,75,-0.42105263157894735
C2015-02,76,-0.3548387096774194
C2015-02,77,-0.047619047619047616
C2015-02,78,-0.3333333333333333
C2015-02,79,7.0
C2015-02,80,7.0
C2015-02,81,3.0
C2015-02,82,3.0
C2015-02,83,6.0
C2015-02,84,6.0
C2015-02,85,6.0
C2015-02,86,6.0
C2015-02,115,-0.22846441947565543
C2015-02,88,-0.984375
C2015-02,89,-0.4925373134328358
C2015-02,90,14.0
C2015-02,91,-0.765625
C2015-02,92,14.0
C2015-02,93,0.0
C2015-02,94,-0.5
C2015-02,95,-0.25
C2015-02,96,-0.3333333333333333
C2015-02,97,0.0
C2015-02,98,-0.2647058823529412
C2015-02,99,0.25
C2015-02,100,-0.5714285714285714
C2015-02,101,3.0
C2015-02,102,4.0
C2015-02,103,3.0
C2015-02,104,4.0
C2015-02,105,3.0
C2015-02,106,10.0
C2015-02,107,3.0
C2015-02,108,8.0
C2015-02,109,9.0
C2015-02,111,6.0
C2015-02,112,5.0
C2015-02,113,6.0
C2015-02,114,6.0
C2015-02,135,-0.3170731707317073
C2015-02,116,-0.984375
C2015-02,117,-0.2857142857142857
C2015-02,118,-0.16666666666666666
C2015-02,119,-0.32142857142857145
C2015-02,120,-0.5531914893617021
C2015-02,121,-0.5128205128205128
C2015-02,122,-0.3404255319148936
C2015-02,123,4.0
C2015-02,124,3.0
C2015-02,125,4.0
C2015-02,126,3.0
C2015-02,127,4.0
C2015-02,128,3.0
C2015-02,129,4.0
C2015-02,130,5.0
C2015-02,131,4.0
C2015-02,132,3.0
C2015-02,133,14.0
C2015-02,134,14.0
C2015-02,150,-0.6400966183574879
C2015-02,136,-0.8076923076923077
C2015-02,137,-0.9038461538461539
C2015-02,138,-0.9487179487179487
C2015-02,139,-0.9919354838709677
C2015-02,140,-0.875
C2015-02,141,4.0
C2015-02,142,37.0
C2015-02,143,4.0
C2015-02,144,2.0
C2015-02,145,4.0
C2015-02,146,0.0
C2015-02,147,2.0
C2015-02,148,2.0
C2015-02,149,3.0
C2015-02,165,-0.8634146341463415
C2015-02,151,-0.9850746268656716
C2015-02,152,-0.8666666666666667
C2015-02,153,-0.9056603773584906
C2015-02,154,-0.9324324324324325
C2015-02,155,-0.9939393939393939
C2015-02,156,3.0
C2015-02,157,3.0
C2015-02,158,2.0
C2015-02,159,2.0
C2015-02,160,4.0
C2015-02,161,0.0
C2015-02,162,2.0
C2015-02,163,2.0
C2015-02,164,4.0
C2015-02,199,-0.5899280575539568
C2015-02,166,-0.7606837606837606
C2015-02,167,-0.8319327731092437
C2015-02,168,-0.9391304347826087
C2015-02,169,-0.911504424778761
C2015-02,170,-0.9948186528497409
C2015-02,171,11.0
C2015-02,172,15.0
C2015-02,173,1.0
C2015-02,174,9.0
C2015-02,175,4.0
C2015-02,176,9.0
C2015-02,177,14.0
C2015-02,178,14.0
C2015-02,179,0.0
C2015-02,180,13.0
C2015-02,181,0.0
C2015-02,182,9.0
C2015-02,183,9.0
C2015-02,184,6.0
C2015-02,185,6.0
C2015-02,186,6.0
C2015-02,187,4.0
C2015-02,188,9.0
C2015-02,189,0.0
C2015-02,190,2.0
C2015-02,191,4.0
C2015-02,192,4.0
C2015-02,193,4.0
C2015-02,194,4.0
C2015-02,195,4.0
C2015-02,196,7.0
C2015-02,197,2.0
C2015-02,198,2.0
C2015-02,200,-0.22340425531914893
C2015-02,227,0.483974358974359
C2015-02,201,-0.9852941176470589
C2015-02,202,0.16666666666666666
C2015-02,203,-0.35443037974683544
C2015-02,204,-0.15789473684210525
C2015-02,205,-0.21875
C2015-02,206,-0.5491071428571429
C2015-02,207,8.0
C2015-02,208,6.0
C2015-02,209,10.0
C2015-02,210,24.0
C2015-02,211,21.0
C2015-02,212,19.0
C2015-02,213,37.0
C2015-02,214,0.0
C2015-02,215,6.0
C2015-02,216,12.0
C2015-02,217,11.0
C2015-02,218,8.0
C2015-02,219,17.0
C2015-02,220,48.0
C2015-02,221,3.0
C2015-02,222,7.0
C2015-02,223,11.0
C2015-02,224,5.0
C2015-02,225,71.0
C2015-02,226,9.0
C2015-04,0,0.28125
C2015-04,1,0.0
C2015-04,2,0.0
C2015-04,3,0.0
C2015-04,4,0.0
C2015-04,5,0.0
C2015-04,6,0.0
C2015-04,7,0.0
C2015-04,8,0.0
C2015-04,9,0.0
C2015-04,10,0.0
C2015-04,11,0.0
C2015-04,12,0.0
C2015-04,13,0.0
C2015-04,14,0.0
C2015-04,15,0.0
C2015-04,16,0.0
C2015-04,17,0.0
C2015-04,18,0.0
C2015-04,19,0.0
C2015-04,20,0.0
C2015-04,21,0.0
C2015-04,22,0.0
C2015-04,23,0.0
C2015-04,24,0.0
C2015-04,25,0.0
C2015-04,26,0.0
C2015-04,27,0.0
C2015-04,28,0.0
C2015-04,29,0.0
C2015-04,30,1.0
C2015-04,31,0.0
C2015-04,32,0.0
C2015-04,33,0.0
C2015-04,34,0.0
C2015-04,35,0.0
C2015-04,36,0.0
C2015-04,37,0.0
C2015-04,38,5.0
C2015-04,39,0.0
C2015-04,40,0.0
C2015-04,41,0.0
C2015-04,42,0.0
C2015-04,43,3.0
C2015-04,44,3.0
C2015-04,45,1.0
C2015-04,46,3.0
C2015-04,47,0.0
C2015-04,48,1.0
C2015-04,49,1.0
C2015-04,50,0.0
C2015-04,51,1.0
C2015-04,52,0.0
C2015-04,53,0.0
C2015-04,54,0.0
C2015-04,55,-0.975
C2015-04,56,-0.99375
C2015-05,0,0.08333333333333333
C2015-05,1,0.0
C2015-05,2,0.0
C2015-05,3,0.0
C2015-05,4,0.0
C2015-05,5,0.0
C2015-05,6,0.0
C2015-05,7,0.0
C2015-05,8,0.0
C2015-05,9,0.0
C2015-05,10,0.0
C2015-05,11,0.0
C2015-05,12,0.0
C2015-05,13,0.0
C2015-05,14,0.0
C2015-05,15,0.0
C2015-05,16,0.0
C2015-05,17,1.0
C2015-05,18,0.0
C2015-05,19,0.0
C2015-05,20,0.0
C2015-05,21,0.0
C2015-05,22,0.0
C2015-05,23,0.0
C2015-05,24,0.0
C2015-05,25,0.0
C2015-05,26,0.0
C2015-05,27,0.0
C2015-05,28,0.0
C2015-05,29,0.0
C2015-05,30,0.0
C2015-05,31,0.0
C2015-05,32,5.0
C2015-05,33,0.0
C2015-05,34,4.0
C2015-05,35,0.0
C2015-05,36,0.0
C2015-05,37,0.0
C2015-05,38,0.0
C2015-05,39,0.0
C2015-05,40,0.0
C2015-05,41,0.0
C2015-05,42,4.0
C2015-05,43,0.0
C2015-05,44,3.0
C2015-05,45,0.0
C2015-05,46,4.0
C2015-05,47,1.0
C2015-05,48,1.0
C2015-05,49,0.0
C2015-05,50,0.0
C2015-05,51,1.0
C2015-05,52,0.0
C2015-05,53,1.0
C2015-05,54,0.0
C2015-05,55,3.0
C2015-05,56,0.0
C2015-05,57,0.0
C2015-05,58,0.0
C2015-05,59,0.0
C2015-05,60,0.0
C2015-05,61,0.0
C2015-05,62,0.0
C2015-05,63,0.0
C2015-05,64,0.0
C2015-06,0,0.11538461538461539
C2015-06,1,0.0
C2015-06,2,0.0
C2015-06,3,0.0
C2015-06,4,0.0
C2015-06,5,0.0
C2015-06,6,0.0
C2015-06,7,0.0
C2015-06,8,0.0
C2015-06,9,0.0
C2015-06,10,0.0
C2015-06,11,0.0
C2015-06,12,0.0
C2015-06,13,0.0
C2015-06,14,0.6666666666666666
C2015-06,15,0.0
C2015-06,16,0.7
C2015-06,17,0.0
C2015-06,18,0.0
C2015-06,19,0.0
C2015-06,20,0.0
C2015-06,21,0.0
C2015-06,22,0.0
C2015-06,23,0.0
C2015-06,24,0.0
C2015-06,25,0.0
C2015-06,26,0.0
C2015-06,27,0.0
C2015-06,28,-0.3333333333333333
C2015-06,29,0.0
C2015-06,30,0.0
C2015-06,31,0.0
C2015-06,32,-0.6666666666666666
C2015-06,33,0.0
C2015-06,34,0.0
C2015-06,35,0.0
C2015-06,36,0.0
C2015-06,37,0.0
C2015-06,38,0.0
C2015-06,39,0.0
C2015-06,40,0.0
C2015-06,41,0.0
C2015-06,42,0.0
C2015-06,43,0.0
C2015-06,44,0.0
C2015-06,45,1.0
C2015-06,46,0.0
C2015-06,47,0.0
C2015-06,48,0.0
C2015-06,49,0.0
C2015-06,50,1.0
C2015-06,51,1.5
C2015-06,52,0.0
C2015-06,53,0.0
C2015-06,54,0.5
C2015-06,55,0.0
C2015-06,56,0.0
C2015-06,57,0.0
C2015-06,58,0.0
C2015-06,59,0.0
C2015-06,60,0.0
C2015-06,61,-0.5
C2015-06,62,0.0
C2015-06,63,0.0
C2015-06,64,0.0
C2015-06,65,0.0
C2015-06,66,0.0
C2015-06,67,1.0
C2015-06,68,0.0
C2015-06,69,5.0
C2015-06,70,0.0
C2015-06,71,0.0
C2015-06,72,0.0
C2015-06,73,-0.5
C2015-06,74,1.0
C2015-06,75,0.0
C2015-06,76,0.0
C2015-06,77,-0.5
C2015-06,78,0.0
C2015-06,79,0.5
C2015-06,80,-0.4
C2015-06,81,-0.6666666666666666
C2015-06,82,-0.8333333333333334
C2015-06,83,0.0
C2015-06,84,0.0
C2015-06,85,1.0
C2015-06,86,0.3333333333333333
C2015-06,87,0.0
C2015-06,88,0.0
C2015-06,89,0.0
C2015-06,90,1.5
C2015-06,91,0.0
C2015-06,92,0.0
C2015-06,93,0.0
C2015-06,94,0.0
C2015-06,95,0.0
C2015-06,96,0.0
C2015-06,97,0.0
C2015-06,98,0.0
C2015-06,99,0.0
C2015-06,100,-0.5
C2015-06,101,0.0
C2015-06,102,-0.42857142857142855
C2015-06,103,0.0
C2015-06,104,0.0
C2015-06,105,0.0
C2015-06,106,0.0
C2015-06,107,0.0
C2015-06,108,0.0
C2015-06,109,0.0
C2015-06,110,4.0
C2015-06,111,0.0
C2015-06,112,0.0
C2015-06,113,0.0
C2015-06,114,0.0
C2015-06,115,0.0
C2015-06,116,0.0
C2015-06,117,0.0
C2015-06,118,0.0
C2015-06,119,1.0
C2015-06,120,0.0
C2015-06,121,0.0
C2015-06,122,0.0
C2015-06,123,-0.3333333333333333
C2015-06,124,0.0
C2015-06,125,0.0
C2015-06,126,0.0
C2015-06,127,0.0
C2015-06,128,0.0
C2015-06,129,0.0
C2015-06,130,0.0
C2015-06,131,0.0
C2015-06,132,0.0
C2015-06,133,0.0
C2015-06,134,0.0
C2015-06,135,0.0
C2015-06,136,0.0
C2015-06,137,0.0
C2015-06,138,0.0
C2015-06,139,0.0
C2015-06,140,0.0
C2015-06,141,-0.5
C2015-06,142,0.0
C2015-06,143,0.0
C2015-06,144,0.0
C2015-06,145,-0.2
C2015-06,146,-0.5
C2015-06,147,4.0
C2015-06,148,1.0
C2015-06,149,0.0
C2015-06,150,0.0
C2015-06,151,0.0
C2015-06,152,1.0
C2015-06,153,0.0
C2015-06,154,0.0
C2015-06,155,0.0
C2015-06,156,0.0
C2015-06,157,1.0
C2015-06,158,0.0
C2015-06,159,2.0
C2015-06,160,0.0
C2015-06,161,0.0
C2015-06,162,0.0
C2015-06,163,0.0
C2015-06,164,0.0
C2015-06,165,0.0
C2015-06,166,0.0
C2015-06,167,0.0
C2015-06,168,0.0
C2015-06,169,0.0
C2015-06,170,0.0
C2015-06,171,0.0
C2015-06,172,0.0
C2015-06,173,0.0
C2015-06,174,0.0
C2015-06,175,0.16666666666666666
C2015-06,176,0.0
C2015-06,177,0.0
C2015-06,178,0.0
C2015-06,179,0.0
C2015-06,180,0.0
C2015-06,181,0.0
C2015-06,182,0.0
C2015-06,183,0.0
C2015-06,184,0.0
C2015-09,0,0.6076977401129944
C2015-09,13,2.933333333333333
C2015-09,1,0.0
C2015-09,2,0.0
C2015-09,3,0.0
C2015-09,4,0.0
C2015-09,5,0.0
C2015-09,6,0.0
C2015-09,7,0.0
C2015-09,8,0.0
C2015-09,9,0.0
C2015-09,10,0.0
C2015-09,11,14.0
C2015-09,12,8.0
C2015-09,65,2.6330645161290325
C2015-09,24,0.3780487804878049
C2015-09,14,0.0
C2015-09,15,-0.3793103448275862
C2015-09,16,-0.45454545454545453
C2015-09,17,0.0
C2015-09,18,-0.1
C2015-09,19,0.0
C2015-09,20,0.0
C2015-09,21,-0.15384615384615385
C2015-09,22,0.0
C2015-09,23,12.0
C2015-09,41,2.6330645161290325
C2015-09,25,0.0
C2015-09,26,-0.3448275862068966
C2015-09,27,-0.15789473684210525
C2015-09,28,-0.3793103448275862
C2015-09,29,-0.9964285714285714
C2015-09,30,-0.9969512195121951
C2015-09,31,-0.9895833333333334
C2015-09,32,-0.995
C2015-09,33,-0.9970238095238095
C2015-09,34,-0.9953703703703703
C2015-09,35,-0.9966216216216216
C2015-09,36,0.0
C2015-09,37,-0.07692307692307693
C2015-09,38,0.16666666666666666
C2015-09,39,-0.16666666666666666
C2015-09,40,16.0
C2015-09,50,6.443014705882353
C2015-09,42,-0.45454545454545453
C2015-09,43,0.0
C2015-09,44,-0.5
C2015-09,45,-0.9895833333333334
C2015-09,46,-0.25
C2015-09,47,-0.9895833333333334
C2015-09,48,-0.96875
C2015-09,49,-0.9895833333333334
C2015-09,64,0.9166666666666666
C2015-09,51,0.05555555555555555
C2015-09,52,0.0
C2015-09,53,-0.12
C2015-09,54,-0.23076923076923078
C2015-09,55,-0.2
C2015-09,56,-0.16666666666666666
C2015-09,57,-0.16666666666666666
C2015-09,58,-0.2
C2015-09,59,-0.6
C2015-09,60,-0.07692307692307693
C2015-09,61,11.0
C2015-09,62,7.0
C2015-09,63,8.0
C2015-09,89,0.14416475972540047
C2015-09,70,0.37254901960784315
C2015-09,66,0.0
C2015-09,67,-0.14814814814814814
C2015-09,68,0.11764705882352941
C2015-09,69,0.0
C2015-09,81,0.14416475972540047
C2015-09,71,-0.15789473684210525
C2015-09,72,-0.16666666666666666
C2015-09,73,-0.1111111111111111
C2015-09,74,-0.08
C2015-09,75,-0.16666666666666666
C2015-09,76,-0.038461538461538464
C2015-09,77,-0.10714285714285714
C2015-09,78,-0.16666666666666666
C2015-09,79,0.6
C2015-09,80,0.05263157894736842
C2015-09,88,0.0847457627118644
C2015-09,82,-0.11764705882352941
C2015-09,83,-0.12
C2015-09,84,-0.045454545454545456
C2015-09,85,-0.13793103448275862
C2015-09,86,-0.16666666666666666
C2015-09,87,0.25
C2015-09,160,0.8415271966527197
C2015-09,106,0.24242424242424243
C2015-09,90,0.03225806451612903
C2015-09,91,0.6
C2015-09,92,0.12
C2015-09,93,0.3076923076923077
C2015-09,94,0.3076923076923077
C2015-09,95,-0.2857142857142857
C2015-09,96,-0.2857142857142857
C2015-09,97,-0.21739130434782608
C2015-09,98,-0.2608695652173913
C2015-09,99,-0.15
C2015-09,100,3.0
C2015-09,101,5.0
C2015-09,102,3.0
C2015-09,103,3.0
C2015-09,104,3.0
C2015-09,105,23.0
C2015-09,131,-0.26180257510729615
C2015-09,107,-0.04
C2015-09,108,0.0
C2015-09,109,-0.2413793103448276
C2015-09,110,-0.35294117647058826
C2015-09,111,-0.25
C2015-09,112,-0.5
C2015-09,113,-0.46875
C2015-09,114,-0.15
C2015-09,115,-0.25
C2015-09,116,-0.1
C2015-09,117,17.0
C2015-09,118,9.0
C2015-09,119,11.0
C2015-09,120,11.0
C2015-09,121,3.0
C2015-09,122,3.0
C2015-09,123,3.0
C2015-09,124,3.0
C2015-09,125,3.0
C2015-09,126,19.0
C2015-09,127,11.0
C2015-09,128,50.0
C2015-09,129,16.0
C2015-09,130,8.0
C2015-09,159,0.6992677824267782
C2015-09,132,-0.3111111111111111
C2015-09,133,0.0
C2015-09,134,0.15789473684210525
C2015-09,135,-0.2413793103448276
C2015-09,136,-0.42857142857142855
C2015-09,137,-0.1875
C2015-09,138,-0.15625
C2015-09,139,-0.1
C2015-09,140,-0.46875
C2015-09,141,0.045454545454545456
C2015-09,142,-0.28125
C2015-09,143,-0.15625
C2015-09,144,-0.9958333333333333
C2015-09,145,0.15
C2015-09,146,0.15
C2015-09,147,3.0
C2015-09,148,3.0
C2015-09,149,3.0
C2015-09,150,3.0
C2015-09,151,3.0
C2015-09,152,3.0
C2015-09,153,11.0
C2015-09,154,3.0
C2015-09,155,16.0
C2015-09,156,9.0
C2015-09,157,19.0
C2015-09,158,14.0
C2015-09,167,0.6024096385542169
C2015-09,161,-0.25
C2015-09,162,0.13333333333333333
C2015-09,163,0.0
C2015-09,164,-0.37037037037037035
C2015-09,165,0.25
C2015-09,166,-0.1
C2015-09,193,-0.42214532871972316
C2015-09,168,0.475
C2015-09,169,0.0
C2015-09,170,0.21875
C2015-09,171,0.034482758620689655
C2015-09,172,0.0
C2015-09,173,-0.4
C2015-09,174,0.1
C2015-09,175,-0.32
C2015-09,176,-0.27906976744186046
C2015-09,177,1.1333333333333333
C2015-09,178,-0.43902439024390244
C2015-09,179,0.14814814814814814
C2015-09,180,-0.2571428571428571
C2015-09,181,0.05
C2015-09,182,-0.5333333333333333
C2015-09,183,0.0
C2015-09,184,2.0
C2015-09,185,-0.12903225806451613
C2015-09,186,12.0
C2015-09,187,9.0
C2015-09,188,19.0
C2015-09,189,9.0
C2015-09,190,11.0
C2015-09,191,9.0
C2015-09,192,11.0
C2015-09,221,-0.25324207492795386
C2015-09,194,-0.3333333333333333
C2015-09,195,-0.3728813559322034
C2015-09,196,0.0
C2015-09,197,0.55
C2015-09,198,-0.2727272727272727
C2015-09,199,-0.5555555555555556
C2015-09,200,1.9411764705882353
C2015-09,201,-0.09090909090909091
C2015-09,202,-0.4444444444444444
C2015-09,203,1.9411764705882353
C2015-09,204,-0.9983766233766234
C2015-09,205,23.0
C2015-09,206,9.0
C2015-09,207,46.0
C2015-09,208,6.0
C2015-09,209,9.0
C2015-09,210,47.0
C2015-09,211,11.0
C2015-09,212,10.0
C2015-09,213,0.0
C2015-09,214,9.0
C2015-09,215,45.0
C2015-09,216,21.0
C2015-09,217,19.0
C2015-09,218,3.0
C2015-09,219,6.0
C2015-09,220,4.0
C2015-09,280,-0.3664940828402367
C2015-09,222,0.8285714285714286
C2015-09,223,0.1
C2015-09,224,1.7391304347826086
C2015-09,225,2.611111111111111
C2015-09,226,0.0
C2015-09,227,-0.03125
C2015-09,228,-0.045454545454545456
C2015-09,229,-0.125
C2015-09,230,-0.9959677419354839
C2015-09,231,-0.11428571428571428
C2015-09,232,0.0
C2015-09,233,0.0
C2015-09,234,1.8275862068965518
C2015-09,235,-0.20689655172413793
C2015-09,236,1.5517241379310345
C2015-09,237,2.217391304347826
C2015-09,238,0.3333333333333333
C2015-09,239,3.6
C2015-09,240,0.13333333333333333
C2015-09,241,0.13333333333333333
C2015-09,242,-0.5757575757575758
C2015-09,243,-0.391304347826087
C2015-09,244,-0.9903846153846154
C2015-09,245,-0.9895833333333334
C2015-09,246,-0.9903846153846154
C2015-09,247,-0.9895833333333334
C2015-09,248,1.8888888888888888
C2015-09,249,-0.9930555555555556
C2015-09,250,-0.9930555555555556
C2015-09,251,-0.9976415094339622
C2015-09,252,19.0
C2015-09,253,36.0
C2015-09,254,14.0
C2015-09,255,18.0
C2015-09,256,-0.875
C2015-09,257,-0.875
C2015-09,258,-0.875
C2015-09,259,-0.875
C2015-09,260,-0.875
C2015-09,261,18.0
C2015-09,262,9.0
C2015-09,263,9.0
C2015-09,264,14.0
C2015-09,265,9.0
C2015-09,266,10.0
C2015-09,267,10.0
C2015-09,268,8.0
C2015-09,269,20.0
C2015-09,270,20.0
C2015-09,271,20.0
C2015-09,272,16.0
C2015-09,273,47.0
C2015-09,274,15.0
C2015-09,275,33.0
C2015-09,276,-0.875
C2015-09,277,33.0
C2015-09,278,4.0
C2015-09,279,8.0
C2015-09,306,-0.2375
C2015-09,281,0.3333333333333333
C2015-09,282,0.15
C2015-09,283,-0.25
C2015-09,284,0.0625
C2015-09,285,-0.375
C2015-09,286,3.875
C2015-09,287,0.13333333333333333
C2015-09,288,0.2
C2015-09,289,-0.9921875
C2015-09,290,0.9444444444444444
C2015-09,291,2.6666666666666665
C2015-09,292,-0.9930555555555556
C2015-09,293,10.0
C2015-09,294,9.0
C2015-09,295,9.0
C2015-09,296,-0.875
C2015-09,297,15.0
C2015-09,298,9.0
C2015-09,299,9.0
C2015-09,300,9.0
C2015-09,301,-0.875
C2015-09,302,16.0
C2015-09,303,65.0
C2015-09,304,9.0
C2015-09,305,11.0
C2015-09,314,-0.9989130434782608
C2015-09,307,-0.99375
C2015-09,308,-0.9945652173913043
C2015-09,309,-0.9958333333333333
C2015-09,310,-0.9945652173913043
C2015-09,311,-0.9963235294117647
C2015-09,312,-0.9975961538461539
C2015-09,313,-0.9956896551724138
C2015-09,341,-0.21359649122807017
C2015-09,315,0.06666666666666667
C2015-09,316,0.05
C2015-09,317,-0.36
C2015-09,318,0.13333333333333333
C2015-09,319,0.0
C2015-09,320,0.0
C2015-09,321,-0.9916666666666667
C2015-09,322,-0.9916666666666667
C2015-09,323,-0.9916666666666667
C2015-09,324,-0.9916666666666667
C2015-09,325,-0.4782608695652174
C2015-09,326,0.8333333333333334
C2015-09,327,9.0
C2015-09,328,9.0
C2015-09,329,10.0
C2015-09,330,9.0
C2015-09,331,9.0
C2015-09,332,9.0
C2015-09,333,9.0
C2015-09,334,13.0
C2015-09,335,10.0
C2015-09,336,44.0
C2015-09,337,39.0
C2015-09,338,37.0
C2015-09,339,11.0
C2015-09,340,5.0
C2015-09,349,-0.9984939759036144
C2015-09,342,-0.9940476190476191
C2015-09,343,-0.99375
C2015-09,344,-0.995
C2015-09,345,-0.99375
C2015-09,346,-0.9958333333333333
C2015-09,347,-0.9966216216216216
C2015-09,348,-0.9943181818181818
C2015-09,371,-0.4179421768707483
C2015-09,350,-0.9964285714285714
C2015-09,351,-0.08333333333333333
C2015-09,352,-0.5833333333333334
C2015-09,353,-0.08333333333333333
C2015-09,354,-0.041666666666666664
C2015-09,355,-0.07692307692307693
C2015-09,356,18.0
C2015-09,357,18.0
C2015-09,358,18.0
C2015-09,359,13.0
C2015-09,360,10.0
C2015-09,361,10.0
C2015-09,362,24.0
C2015-09,363,11.0
C2015-09,364,14.0
C2015-09,365,5.0
C2015-09,366,10.0
C2015-09,367,29.0
C2015-09,368,21.0
C2015-09,369,25.0
C2015-09,370,6.0
C2015-29,0,0.048812664907651716
C2015-29,1,0.0
C2015-29,2,0.08333333333333333
C2015-29,3,0.0
C2015-29,4,0.25
C2015-29,5,0.0
C2015-29,6,0.0
C2015-29,7,0.0
C2015-29,8,0.5
C2015-29,9,1.0
C2015-29,10,0.0
C2015-29,11,0.0
C2015-29,12,0.0
C2015-29,13,-0.041666666666666664
C2015-29,14,0.0
C2015-29,15,0.0
C2015-29,16,0.0
C2015-29,17,0.0
C2015-29,18,0.09090909090909091
C2015-29,19,0.0
C2015-29,20,0.0
C2015-29,21,0.2
C2015-29,22,0.0
C2015-29,23,0.0
C2015-29,24,0.0
C2015-29,25,1.0
C2015-29,26,0.0
C2015-29,27,0.0
C2015-29,28,0.25
C2015-29,29,0.0
C2015-29,30,0.0
C2015-29,31,0.0
C2015-29,32,0.0
C2015-29,33,0.0
C2015-29,34,0.0
C2015-29,35,0.0
C2015-29,36,-0.2
C2015-29,37,0.0
C2015-29,38,0.041666666666666664
C2015-29,39,0.0
C2015-29,40,0.0625
C2015-29,41,0.0
C2015-29,42,0.0
C2015-29,43,0.0
C2015-29,44,0.0
C2015-29,45,0.0
C2015-29,46,0.0
C2015-29,47,0.09090909090909091
C2015-29,48,0.5
C2015-29,49,0.05
C2015-29,50,0.06666666666666667
C2015-29,51,0.0
C2015-29,52,1.0
C2015-29,53,0.0
C2015-29,54,0.0
C2015-29,55,0.025
C2015-29,56,0.25
C2015-29,57,0.0
C2015-29,58,0.0
C2015-29,59,0.0
C2015-29,60,0.0
C2015-29,61,0.0
C2015-29,62,1.0
C2015-29,63,0.0
C2015-29,64,0.0
C2015-29,65,0.0
C2015-29,66,0.23076923076923078
C2015-29,67,0.3333333333333333
C2015-29,68,0.0
C2015-29,69,0.3333333333333333
C2015-29,70,0.0
C2015-29,71,0.0
C2015-29,72,0.14285714285714285
C2015-29,73,0.0
C2015-29,74,-0.2
C2015-29,75,0.07692307692307693
C2015-29,76,0.0
C2015-29,77,-0.07692307692307693
C2015-29,78,0.0
C2015-29,79,0.0
C2015-29,80,0.0
C2015-29,81,0.1
C2015-29,82,0.0
C2015-29,83,0.0
C2015-29,84,-0.07692307692307693
C2015-29,85,0.0
C2015-29,86,0.0
C2015-29,87,0.0
C2015-29,88,0.0
C2015-29,89,0.0
C2015-29,90,0.0
C2015-29,91,0.3333333333333333
C2015-29,92,0.0
C2015-29,93,0.5
C2015-29,94,0.0
C2015-29,95,0.0
C2015-29,96,0.0
C2015-29,97,0.3333333333333333
C2015-29,98,0.0
C2015-29,99,0.0
C2015-29,100,0.3333333333333333
C2015-29,101,0.0
C2015-29,102,1.0
C2015-29,103,0.0
C2015-29,104,0.04878048780487805
C2015-29,105,-0.05
C2015-29,106,0.0
C2015-29,107,-0.09523809523809523
C2015-29,108,0.0
C2015-29,109,0.0
C2015-29,110,0.0
C2015-29,111,0.0
C2015-29,112,0.0
C2015-29,113,0.0
C2015-29,114,0.0
C2015-29,115,1.0
C2015-29,116,0.0
C2015-29,117,0.0
C2015-29,118,-0.2
C2015-29,119,0.0
C2015-29,120,0.0
C2015-29,121,0.0
C2015-29,122,0.5
C2015-29,123,0.0
C2015-29,124,0.3333333333333333
C2015-29,125,0.0
C2015-29,126,0.0
C2015-29,127,0.0
C2015-29,128,0.3333333333333333
C2015-29,129,0.0
C2015-29,130,0.0
C2015-29,131,-0.5
C2015-29,132,0.0
C2015-29,133,0.0
C2015-29,134,0.0
C2015-29,135,1.0
C2015-29,136,0.0
C2015-29,137,0.05263157894736842
C2015-29,138,0.0
C2015-29,139,0.125
C2015-29,140,0.0
C2015-29,141,0.0
C2015-29,142,0.3333333333333333
C2015-29,143,0.0
C2015-29,144,0.0
C2015-29,145,0.3333333333333333
C2015-29,146,0.0
C2015-29,147,0.3333333333333333
C2015-29,148,0.0
C2015-29,149,0.375
C2015-29,150,0.0
C2015-29,151,0.0
C2015-29,152,0.0
C2015-29,153,0.0
C2015-29,154,0.0
C2015-29,155,0.0
C2015-29,156,0.0
C2015-29,157,1.0
C2015-29,158,1.0
C2015-29,159,0.0
C2015-29,160,0.25
C2015-29,161,0.0
C2015-29,162,1.0
C2015-29,163,0.0
C2015-29,164,0.0
C2015-29,165,0.1111111111111111
C2015-29,166,0.07692307692307693
C2015-29,167,0.0
C2015-29,168,0.0
C2015-29,169,0.125
C2015-29,170,0.0
C2015-29,171,0.0
C2015-29,172,0.3333333333333333
C2015-29,173,0.0
C2015-29,174,1.0
C2015-29,175,0.0
C2015-29,176,0.3333333333333333
C2015-29,177,0.0
C2015-29,178,0.0
C2015-29,179,-0.2
C2015-29,180,0.0
C2015-29,181,0.0
C2015-29,182,0.5
C2015-29,183,0.0
C2015-29,184,0.0
C2015-29,185,1.0
C2015-29,186,0.6666666666666666
C2015-29,187,0.0
C2015-29,188,0.0
C2015-29,189,-0.75
C2015-29,190,0.0
C2015-29,191,0.0
C2015-29,192,0.14285714285714285
C2015-29,193,0.05
C2015-29,194,0.0
C2015-29,195,0.25
C2015-29,196,-0.015
C2015-29,197,0.0
C2015-29,198,0.0
C2015-29,199,0.0
C2015-29,200,-0.25
C2015-29,201,-0.25
C2015-29,202,0.0
C2015-29,203,0.0
C2015-29,204,0.0
C2015-30,0,0.040983606557377046
C2015-30,1,0.0
C2015-30,2,0.6
C2015-30,3,0.0
C2015-30,4,0.0
C2015-30,5,0.0
C2015-30,6,0.0
C2015-30,7,0.0
C2015-30,8,0.0
C2015-30,9,0.0
C2015-30,11,-0.05
C2015-30,12,0.0
C2015-30,13,0.2
C2015-30,14,0.0
C2015-30,15,0.0
C2015-30,16,0.0
C2015-30,17,0.6
C2015-30,18,1.5
C2015-30,19,0.6
C2015-30,20,0.0
C2015-30,21,-0.2
C2015-30,41,-0.2
C2015-30,22,0.2
C2015-30,23,0.0
C2015-30,24,0.0
C2015-30,25,-0.25
C2015-30,42,-0.2
C2015-30,26,0.0
C2015-30,27,1.0
C2015-30,28,-0.3333333333333333
C2015-30,29,0.0
C2015-30,30,0.6
C2015-30,31,0.25
C2015-30,33,-0.1
C2015-30,34,-0.1
C2015-30,35,-0.38333333333333336
C2015-30,36,0.0
C2015-30,37,0.0
C2015-30,38,0.0
C2015-30,39,0.0
C2015-30,40,0.0
C2015-32,0,-0.25977653631284914
C2015-32,1,0.0
C2015-32,2,0.0
C2015-32,3,-0.2916666666666667
C2015-32,4,-0.2
C2015-32,5,0.0
C2015-32,6,0.0
C2015-32,7,-0.1
C2015-32,8,0.0
C2015-32,9,0.0
C2015-32,10,-0.5
C2015-32,11,0.0
C2015-32,12,0.0
C2015-32,13,-0.5833333333333334
C2015-32,14,-0.3333333333333333
C2015-32,15,0.0
C2015-32,16,-0.3333333333333333
C2015-32,17,-0.5
C2015-32,18,-0.6666666666666666
C2015-32,19,0.0
C2015-32,20,-0.5
C2015-32,21,-0.5
C2015-32,22,-0.4533333333333333
C2015-32,23,-0.5833333333333334
C2015-32,24,-0.3333333333333333
C2015-32,25,-0.4
C2015-32,26,0.0
C2015-32,27,0.0
C2015-32,28,-0.3
C2015-32,29,0.4
C2015-32,30,-0.4
C2015-32,53,0.1
C2015-32,31,0.0
C2015-32,32,-0.4
C2015-32,33,-0.3333333333333333
C2015-32,34,0.0
C2015-32,35,-0.25
C2015-32,36,-0.4
C2015-32,37,0.0
C2015-32,38,0.0
C2015-32,39,0.0
C2015-32,40,-0.36666666666666664
C2015-32,41,-0.2
C2015-32,42,-0.14285714285714285
C2015-32,43,-0.375
C2015-32,44,-0.25
C2015-32,45,0.0
C2015-32,46,-0.25
C2015-32,54,0.0
C2015-32,47,0.0
C2015-32,49,0.0
C2015-32,50,0.0
C2015-32,51,0.0
C2016-06,0,-0.07936507936507936
C2016-06,1,0.0
C2016-06,2,0.0
C2016-06,3,0.0
C2016-06,4,0.0
C2016-06,5,0.0
C2016-06,6,0.0
C2016-06,7,0.0
C2016-06,8,0.0
C2016-06,9,0.0
C2016-06,10,0.0
C2016-06,11,0.0
C2016-06,12,0.0
C2016-06,13,0.0
C2016-06,14,0.0
C2016-06,15,0.0
C2016-06,17,0.0
C2016-06,18,0.0
C2016-06,16,0.0
C2016-06,19,0.0
C2016-06,20,0.0
C2016-06,21,0.0
C2016-06,22,0.0
C2016-06,23,0.0
C2016-06,24,0.0
C2016-06,25,0.0
C2016-06,26,0.0
C2016-06,27,0.0
C2016-06,28,0.0
C2016-06,29,0.0
C2016-06,30,0.0
C2016-06,31,0.0
C2016-06,32,0.0
C2016-06,33,0.0
C2016-06,34,0.0
C2016-06,35,0.0
C2016-06,36,0.0
C2016-06,37,0.0
C2016-06,38,0.0
C2016-06,39,0.0
C2016-06,40,0.0
C2016-06,41,0.0
C2016-06,42,0.0
C2016-06,43,0.0
C2016-06,44,0.0
C2016-06,45,0.0
C2016-06,46,0.0
C2016-06,47,0.0
C2016-06,48,0.0
C2016-06,49,0.0
C2016-06,50,0.0
C2016-06,51,0.0
C2016-06,52,0.0
C2016-06,53,0.0
C2016-06,54,0.0
C2016-06,55,0.0
C2016-06,56,0.0
C2016-06,57,0.0
C2016-06,58,0.0
C2016-06,59,0.0
C2016-06,61,0.0
C2016-06,62,0.0
C2016-06,63,0.0
C2016-06,64,0.0
C2016-06,65,0.0
C2016-06,66,0.0
C2016-06,67,0.0
C2016-06,68,0.0
C2016-06,69,0.0
C2016-06,70,0.0
C2016-06,71,0.0
C2016-06,72,0.0
C2016-06,73,0.0
C2016-06,74,0.0
C2016-06,75,0.0
C2016-06,76,0.0
C2016-06,77,0.0
C2016-06,78,0.0
C2016-06,79,0.0
C2016-06,80,0.0
C2016-06,81,0.0
C2016-06,82,0.0
C2016-06,83,0.0
C2016-06,84,0.0
C2016-06,85,0.0
C2016-06,86,0.0
C2016-06,87,0.0
C2016-06,88,0.0
C2016-06,90,0.0
C2016-06,91,0.0
C2016-06,92,0.0
C2016-06,93,0.0
C2016-06,94,0.0
C2016-06,95,0.0
C2016-06,96,0.0
C2016-06,97,0.0
C2016-06,98,0.0
C2016-11,0,0.05394190871369295
C2016-11,56,0.0
C2016-11,1,-0.2
C2016-11,2,0.0
C2016-11,3,-0.6666666666666666
C2016-11,4,0.0
C2016-11,5,-0.5
C2016-11,6,-0.16666666666666666
C2016-11,7,0.0
C2016-11,57,0.16666666666666666
C2016-11,8,0.16666666666666666
C2016-11,58,0.0
C2016-11,9,-0.058823529411764705
C2016-11,10,0.0
C2016-11,11,0.0
C2016-11,12,0.0
C2016-11,13,0.0
C2016-11,14,0.0
C2016-11,15,0.0
C2016-11,16,0.14285714285714285
C2016-11,17,0.0
C2016-11,59,0.03225806451612903
C2016-11,18,0.06666666666666667
C2016-11,19,0.0
C2016-11,20,1.0
C2016-11,21,0.0
C2016-11,22,0.0
C2016-11,23,0.0
C2016-11,24,0.6666666666666666
C2016-11,60,0.0
C2016-11,25,0.0
C2016-11,26,0.0
C2016-11,27,0.0
C2016-11,28,0.0
C2016-11,29,0.0
C2016-11,61,0.17777777777777778
C2016-11,30,-0.1
C2016-11,31,0.23076923076923078
C2016-11,32,0.5
C2016-11,33,0.2727272727272727
C2016-11,34,2.0
C2016-11,35,0.0
C2016-11,36,0.0
C2016-11,37,0.5
C2016-11,38,0.0
C2016-11,62,0.08536585365853659
C2016-11,39,0.0
C2016-11,40,-0.6666666666666666
C2016-11,41,0.0
C2016-11,42,2.0
C2016-11,43,0.3333333333333333
C2016-11,44,0.0
C2016-11,45,0.0
C2016-11,46,-0.5
C2016-11,47,1.0
C2016-11,48,-0.25
C2016-11,49,0.0
C2016-11,50,-0.4
C2016-11,51,0.0
C2016-11,52,0.0
C2016-11,53,0.0
C2016-11,54,0.0
C2016-11,63,0.2
C2016-11,55,0.2
C2016-12,0,0.0
C2016-12,66,-0.07407407407407407
C2016-12,1,0.5
C2016-12,2,0.0
C2016-12,3,0.0
C2016-12,4,0.0
C2016-12,5,0.07142857142857142
C2016-12,6,-0.07407407407407407
C2016-12,67,-0.06666666666666667
C2016-12,7,-0.06666666666666667
C2016-12,68,-0.012195121951219513
C2016-12,8,-0.045454545454545456
C2016-12,9,0.25
C2016-12,10,0.0
C2016-12,11,0.0
C2016-12,12,0.0
C2016-12,13,0.0
C2016-12,14,0.0
C2016-12,15,0.0
C2016-12,16,-0.2
C2016-12,17,0.0
C2016-12,69,-0.16666666666666666
C2016-12,18,0.0
C2016-12,19,-0.2
C2016-12,20,0.0
C2016-12,21,0.0
C2016-12,22,-0.5
C2016-12,23,0.0
C2016-12,24,0.0
C2016-12,70,0.08333333333333333
C2016-12,25,0.0
C2016-12,26,0.0
C2016-12,27,0.0
C2016-12,28,0.0
C2016-12,29,0.0
C2016-12,30,0.0
C2016-12,71,0.08928571428571429
C2016-12,31,0.2
C2016-12,32,0.16666666666666666
C2016-12,33,0.0
C2016-12,34,0.047619047619047616
C2016-12,35,0.0
C2016-12,36,0.2
C2016-12,37,0.0
C2016-12,38,0.0
C2016-12,39,0.0
C2016-12,72,0.09411764705882353
C2016-12,40,0.0
C2016-12,41,-0.3333333333333333
C2016-12,42,0.0
C2016-12,43,0.0
C2016-12,44,0.6666666666666666
C2016-12,45,0.75
C2016-12,46,0.25
C2016-12,47,0.0
C2016-12,48,0.0
C2016-12,49,-0.25
C2016-12,50,0.0
C2016-12,51,-0.2
C2016-12,52,0.0
C2016-12,53,0.0
C2016-12,54,0.0
C2016-12,73,0.0
C2016-12,55,0.0
C2016-12,56,0.0
C2016-12,57,0.0
C2016-12,58,0.0
C2016-12,74,0.0
C2016-12,59,0.0
C2016-13,0,0.0784313725490196
C2016-13,53,0.4444444444444444
C2016-13,1,0.0
C2016-13,2,0.5
C2016-13,3,0.4444444444444444
C2016-13,4,-0.625
C2016-13,54,0.18518518518518517
C2016-13,5,0.18518518518518517
C2016-13,55,0.0
C2016-13,6,-0.15
C2016-13,7,-0.058823529411764705
C2016-13,8,0.0
C2016-13,9,-0.18181818181818182
C2016-13,10,0.1951219512195122
C2016-13,11,0.0
C2016-13,12,0.5
C2016-13,13,0.0
C2016-13,14,-0.2857142857142857
C2016-13,15,0.0
C2016-13,56,0.12
C2016-13,16,-0.07894736842105263
C2016-13,17,0.5555555555555556
C2016-13,18,1.3333333333333333
C2016-13,57,0.2
C2016-13,19,-0.5
C2016-13,20,0.3333333333333333
C2016-13,21,-0.3333333333333333
C2016-13,22,0.25
C2016-13,23,0.0
C2016-13,58,0.020833333333333332
C2016-13,24,0.25
C2016-13,25,1.0
C2016-13,26,-0.16666666666666666
C2016-13,27,0.0
C2016-13,28,-0.3333333333333333
C2016-13,29,0.0
C2016-13,30,0.0
C2016-13,31,-0.2222222222222222
C2016-13,32,0.0
C2016-13,59,0.08433734939759036
C2016-13,33,0.3333333333333333
C2016-13,34,0.0
C2016-13,35,0.0
C2016-13,36,1.0
C2016-13,37,-0.3333333333333333
C2016-13,38,0.0
C2016-13,39,-0.16666666666666666
C2016-13,40,-0.5
C2016-13,41,0.3333333333333333
C2016-13,42,0.25
C2016-13,43,0.0
C2016-13,44,0.6
C2016-13,45,0.0
C2016-13,46,0.0
C2016-13,47,0.2
C2016-13,60,0.0
C2016-13,48,0.0
C2016-13,50,0.0
C2016-13,61,0.0
C2016-13,51,0.0
C2016-13,62,0.0
C2016-13,52,0.0
C2016-14,0,-0.003115264797507788
C2016-14,49,-0.09090909090909091
C2016-14,1,1.0
C2016-14,2,0.14285714285714285
C2016-14,3,-0.125
C2016-14,4,-0.09090909090909091
C2016-14,50,0.0
C2016-14,5,0.0
C2016-14,51,0.0963855421686747
C2016-14,6,0.0
C2016-14,7,0.0
C2016-14,8,0.0
C2016-14,9,0.2
C2016-14,10,-0.05714285714285714
C2016-14,11,0.25
C2016-14,12,-0.3333333333333333
C2016-14,13,0.16666666666666666
C2016-14,14,1.25
C2016-14,15,-0.5
C2016-14,16,3.0
C2016-14,52,-0.09722222222222222
C2016-14,17,-0.02857142857142857
C2016-14,18,-0.1
C2016-14,19,0.0
C2016-14,20,-0.25
C2016-14,21,0.0
C2016-14,53,0.06666666666666667
C2016-14,22,0.06666666666666667
C2016-14,54,0.0
C2016-14,23,0.0
C2016-14,24,0.0
C2016-14,25,0.0
C2016-14,26,0.0
C2016-14,27,-0.25
C2016-14,28,0.0
C2016-14,29,-0.25
C2016-14,30,0.0
C2016-14,31,0.2
C2016-14,55,-0.02702702702702703
C2016-14,32,0.0
C2016-14,33,0.0
C2016-14,34,0.75
C2016-14,35,0.0
C2016-14,36,-0.3333333333333333
C2016-14,37,0.2
C2016-14,38,0.5
C2016-14,39,-0.6666666666666666
C2016-14,40,-0.5
C2016-14,41,-0.25
C2016-14,42,-0.25
C2016-14,43,1.0
C2016-14,44,0.0
C2016-14,45,0.0
C2016-14,46,-0.1111111111111111
C2016-14,56,0.0
C2016-14,47,0.0
C2016-14,57,0.0
C2016-14,48,0.0
C2018-10,0,0.201765447667087
C2018-10,1,0.0
C2018-10,2,0.0
C2018-10,3,0.3333333333333333
C2018-10,4,0.0
C2018-10,5,0.0
C2018-10,6,0.0
C2018-10,7,0.0
C2018-10,8,0.0
C2018-10,9,0.0
C2018-10,10,0.0
C2018-10,11,0.0
C2018-10,12,0.0
C2018-10,13,0.0
C2018-10,14,0.0
C2018-10,15,0.0
C2018-10,16,0.0
C2018-10,17,0.0
C2018-10,18,0.0
C2018-10,19,0.0
C2018-10,20,0.0
C2018-10,21,0.0
C2018-10,22,0.0
C2018-10,23,0.0
C2018-10,24,0.0
C2018-10,25,0.0
C2018-10,26,0.0
C2018-10,27,-0.10526315789473684
C2018-10,28,0.0
C2018-10,29,0.0
C2018-10,30,0.08333333333333333
C2018-10,31,0.0
C2018-10,32,0.0
C2018-10,33,0.0
C2018-10,34,0.0
C2018-10,35,0.0
C2018-10,36,0.0
C2018-10,37,0.0
C2018-10,38,0.0
C2018-10,39,0.0
C2018-10,40,0.0
C2018-10,41,0.0
C2018-10,42,0.0
C2019-01,0,0.2626641651031895
C2019-01,1,66.0
C2019-01,2,65.0
C2019-01,3,5.5
C2019-01,4,56.0
C2019-01,5,0.5555555555555556
C2019-01,6,8.0
C2019-01,7,50.0
C2019-01,8,40.0
C2019-01,9,13.5
C2019-01,10,26.0
C2019-01,11,1.5
C2019-01,12,5.0
C2019-01,13,40.5
C2019-01,14,80.0
C2019-01,15,80.0
C2019-01,16,73.0
C2019-01,17,34.5
C2019-01,18,12.8
C2019-01,19,31.5
C2019-01,20,62.0
C2019-01,21,3.8333333333333335
C2019-01,22,22.5
C2019-01,23,14.0
C2019-01,24,8.9
C2019-01,25,14.75
C2019-01,26,3.2
C2019-01,27,11.6
C2019-01,28,60.0
C2019-01,29,28.0
C2019-01,30,25.5
C2019-01,31,24.5
C2019-01,32,23.5
C2019-01,33,12.0
C2019-01,34,82.0
C2019-01,35,9.375
C2019-01,36,82.0
C2019-01,37,6.545454545454546
C2019-01,38,6.545454545454546
C2019-01,39,23.666666666666668
C2019-01,40,13.0
C2019-01,41,5.5
C2019-01,42,54.0
C2019-01,43,25.0
C2019-01,44,24.0
C2019-01,45,26.8
C2019-01,46,45.0
C2019-01,47,91.0
C2019-01,48,29.666666666666668
C2019-01,49,77.0
C2019-01,50,45.0
C2019-01,51,6.666666666666667
C2019-01,52,3.6
C2019-01,53,22.0
C2019-01,54,32.0
C2019-01,55,14.25
C2019-01,56,16.333333333333332
C2019-01,57,16.833333333333332
C2019-01,58,60.0
C2019-01,59,14.25
C2019-01,60,29.5
C2019-01,61,29.5
C2019-01,62,14.25
C2019-01,63,29.5
C2019-01,64,29.5
C2019-01,65,60.0
C2019-01,66,1.44
C2019-01,67,2.12
C2019-01,68,1.6
C2019-01,69,38.0
C2019-01,70,14.6
C2019-01,71,6.866666666666666
C2019-01,72,10.8
C2019-01,73,12.666666666666666
C2019-01,74,19.5
C2019-01,75,14.6
C2019-01,76,14.6
C2019-01,77,3.1
C2019-01,78,23.0
C2019-01,79,23.0
C2019-01,80,47.0
C2019-01,81,23.0
C2019-01,82,3.8
C2019-01,83,47.0
C2019-01,84,0.0
C2019-01,85,0.0
C2019-01,86,47.0
C2023-07,1,0.0
C2023-07,2,0.0
C2023-07,3,0.0
C2023-07,4,0.0
C2023-07,5,0.0
C2023-07,6,0.0
C2023-07,7,0.0
C2023-07,8,0.0
C2023-07,9,0.0
C2023-07,10,0.0
C2023-07,11,0.0
C2023-07,12,0.0
C2023-07,13,0.0
C2023-07,14,0.0
C2023-07,15,0.0
C2023-07,16,0.0
C2023-07,17,0.0
C2023-07,18,0.0
C2023-07,19,0.0
C2023-07,21,0.0
C2023-07,23,0.0
C2023-07,25,0.0
C2023-07,26,0.0
C2023-07,27,0.0
C2023-07,28,0.0
C2023-07,29,0.0
C2023-07,30,0.0
C2023-07,31,0.0
C2023-07,33,0.0
C2023-07,34,0.0
C2023-07,35,0.0
C2023-07,36,0.0
C2023-07,37,0.0
C2023-07,38,0.0
C2023-07,39,0.0
C2023-07,40,0.0
C2023-07,41,0.0
C2023-07,42,0.0
C2023-07,43,0.0
C2023-07,44,0.0
C2023-07,45,0.0
C2023-08,2,0.0
C2023-08,3,0.0
C2023-08,4,0.0
C2023-08,5,0.0
C2023-08,6,0.0
C2023-08,7,0.0
C2023-08,8,0.0
C2023-08,9,0.0
C2023-08,10,0.0
C2023-08,11,0.0
C2023-08,12,0.0
C2023-08,13,0.0
C2023-08,14,0.0
C2023-08,15,0.0
C2023-08,16,0.0
C2023-08,17,0.0
C2023-08,18,0.0
C2023-08,19,0.0
C2023-08,20,0.0
C2023-08,21,0.0
C2023-08,22,0.0
C2023-08,23,4.333333333333333
C2023-08,24,0.0
C2023-08,25,0.0
C2023-08,26,0.0
C2023-08,27,0.0
C2023-08,28,0.0
C2023-08,31,0.0
C2023-11,106,0.0
C2023-11,107,0.0
C2023-11,108,0.0
C2023-11,109,1.0
C2023-11,110,1.0
C2023-11,111,1.0
C2023-11,112,1.0
C2023-11,113,1.0
C2023-11,114,1.0
C2023-11,115,1.0
C2023-11,116,1.0
C2023-11,117,15.0
C2023-11,118,1.0
C2023-11,119,1.0
C2023-11,120,1.0
C2023-11,121,15.0
C2023-11,122,1.0
C2023-11,123,1.0
C2023-11,124,1.0
C2023-11,126,1.0
C2023-11,127,1.0
C2023-11,128,1.0
C2023-11,129,15.0
C2023-11,130,1.0
C2023-11,131,1.0
C2023-11,132,1.0
C2023-11,133,1.0
C2023-11,134,1.0
C2023-11,135,1.0
C2023-11,136,1.0
C2023-11,137,1.0
C2023-11,138,1.0
C2023-11,139,1.0
C2023-11,140,1.0
C2023-11,141,1.0
C2023-11,142,1.0
C2023-11,143,1.0
C2023-11,144,1.0
C2023-11,145,1.0
C2023-11,146,15.0
C2023-11,147,1.0
C2023-11,148,1.0
C2023-11,149,1.0
C2023-11,150,15.0
C2023-11,151,1.0
C2023-11,152,1.0
C2023-11,153,1.0
C2023-11,154,1.0
C2023-11,155,1.0
C2023-11,156,15.0
C2023-11,157,1.0
C2023-11,158,1.0
C2023-11,159,15.0
C2023-11,160,1.0
C2023-11,161,1.0
C2023-11,162,1.0
C2023-11,163,1.0
C2023-11,164,15.0
C2023-11,165,1.0
C2023-11,166,1.0
C2023-11,167,1.0
C2023-11,168,1.0
C2023-11,169,1.0
C2023-11,170,1.0
C2023-11,171,1.0
C2023-11,172,1.0
C2023-11,173,1.0
C2023-11,174,1.0
C2023-11,175,1.0
C2023-11,176,1.0
C2023-11,177,1.0
C2023-11,178,1.0
C2023-11,179,1.0
C2023-11,180,1.0
C2023-11,181,1.0
C2023-11,182,1.0
C2023-11,183,1.0
C2023-11,184,1.0
C2023-11,185,1.0
C2023-11,186,15.0
C2023-11,187,15.0
C2023-11,188,15.0
C2023-11,189,1.0
C2023-11,190,1.0
C2023-11,191,1.0
C2023-11,192,1.0
C2023-11,193,1.0
C2023-11,194,1.0
C2023-11,195,1.0
C2023-11,196,1.0
C2023-11,197,1.0
C2023-11,198,1.0
C2023-11,199,1.0
C2023-11,200,1.0
C2023-11,201,1.0
C2023-11,202,1.0
C2023-11,203,1.0
C2023-11,204,1.0
C2023-11,205,1.0
C2023-11,206,1.0
C2023-11,207,1.0
C2023-11,208,1.0
C2023-11,209,1.0
C2023-11,210,1.0
C2023-11,211,1.0
C2023-11,212,1.0
C2023-11,213,1.0
C2023-11,214,15.0
C2023-11,215,1.0
C2023-11,216,1.0
C2023-11,217,1.0
C2023-11,218,15.0
C2023-11,219,1.0
C2023-11,220,1.0
C2023-11,221,1.0
C2023-11,222,1.0
C2023-11,223,1.0
C2023-11,224,15.0
C2023-11,225,1.0
C2023-11,226,1.0
C2023-11,227,15.0
C2023-11,228,1.0
C2023-11,229,1.0
C2023-11,230,1.0
C2023-11,231,1.0
C2023-11,232,15.0
C2023-11,233,1.0
C2023-11,234,1.0
C2023-11,235,1.0
C2023-11,236,1.0
C2023-11,237,1.0
C2023-11,238,1.0
C2023-11,239,1.0
C2023-11,240,1.0
C2023-11,241,1.0
C2023-11,242,1.0
C2023-11,243,1.0
C2023-11,244,1.0
C2023-11,245,1.0
C2023-11,246,1.0
C2023-11,247,1.0
C2023-11,248,1.0
C2023-11,249,1.0
C2023-11,250,1.0
C2023-11,251,1.0
C2023-11,252,1.0
C2023-11,253,1.0
C2023-11,254,1.0
C2023-11,255,15.0
C2023-11,256,15.0
C2023-11,257,1.0
C2023-11,258,15.0
C2023-11,259,1.0
C2023-11,260,1.0
C2023-11,261,1.0
C2023-11,262,1.0
C2023-11,263,1.0
C2023-11,264,1.0
C2023-11,265,1.0
C2023-11,266,1.0
C2023-11,267,1.0
C2023-11,268,1.0
C2023-11,269,1.0
C2023-11,270,1.0
C2023-11,271,1.0
C2023-11,272,1.0
C2023-11,273,1.0
C2023-11,274,1.0
C2023-11,275,1.0
C2023-11,276,1.0
C2023-11,277,1.0
C2023-11,278,1.0
C2023-11,279,1.0
C2023-11,280,1.0
C2023-11,281,1.0
C2023-11,282,15.0
C2023-11,283,1.0
C2023-11,284,1.0
C2023-11,285,1.0
C2023-11,286,15.0
C2023-11,287,1.0
C2023-11,288,1.0
C2023-11,289,1.0
C2023-11,290,1.0
C2023-11,291,1.0
C2023-11,292,15.0
C2023-11,293,1.0
C2023-11,294,1.0
C2023-11,295,15.0
C2023-11,296,1.0
C2023-11,297,1.0
C2023-11,298,1.0
C2023-11,299,1.0
C2023-11,300,15.0
C2023-11,301,1.0
C2023-11,302,1.0
C2023-11,303,1.0
C2023-11,304,1.0
C2023-11,305,1.0
C2023-11,306,1.0
C2023-11,307,1.0
C2023-11,308,1.0
C2023-11,309,1.0
C2023-11,310,1.0
C2023-11,311,1.0
C2023-11,312,1.0
C2023-11,313,1.0
C2023-11,314,1.0
C2023-11,315,1.0
C2023-11,316,1.0
C2023-11,317,1.0
C2023-11,318,1.0
C2023-11,319,1.0
C2023-11,320,1.0
C2023-11,321,1.0
C2023-11,322,1.0
C2023-11,323,1.0
C2023-11,324,1.0
C2023-11,325,15.0
C2023-11,326,1.0
C2023-11,327,1.0
C2023-11,328,15.0
C2023-11,329,15.0
C2023-11,330,1.0
C2023-11,331,1.0
C2023-11,332,1.0
C2023-11,333,1.0
C2023-11,334,1.0
C2023-11,335,1.0
C2023-11,336,1.0
C2023-11,337,1.0
C2023-11,338,1.0
C2023-11,339,1.0
C2023-11,340,1.0
C2023-11,341,1.0
C2023-11,342,1.0
C2023-11,343,1.0
C2023-11,344,1.0
C2023-11,345,1.0
C2023-11,346,1.0
C2023-11,347,1.0
C2023-11,348,1.0
C2023-11,349,1.0
C2023-11,350,15.0
C2023-11,351,1.0
C2023-11,352,1.0
C2023-11,353,1.0
C2023-11,354,1.0
C2023-11,355,1.0
C2023-11,356,1.0
C2023-11,357,1.0
C2023-11,358,1.0
C2023-11,359,1.0
C2023-11,360,1.0
C2023-11,361,1.0
C2023-11,362,1.0
C2023-11,363,1.0
C2023-11,364,1.0
C2023-11,365,15.0
C2023-11,366,1.0
C2023-11,367,1.0
C2023-11,368,1.0
C2023-11,369,15.0
C2023-11,370,1.0
C2023-11,371,1.0
C2023-11,372,1.0
C2023-11,373,1.0
C2023-11,374,1.0
C2023-11,375,1.0
C2023-11,376,1.0
C2023-11,377,1.0
C2023-11,378,1.0
C2023-11,379,1.0
C2023-11,380,1.0
C2023-11,381,1.0
C2023-11,382,1.0
C2023-11,383,1.0
C2023-11,384,1.0
C2023-11,385,1.0
C2023-11,386,1.0
C2023-11,387,1.0
C2023-11,388,1.0
C2023-11,389,1.0
C2023-11,390,15.0
C2023-11,391,1.0
C2023-12,4,7.0
C2023-12,5,0.0
C2023-12,6,0.0
C2023-12,7,0.2
C2023-12,14,0.0
C2023-12,15,0.0
C2023-12,17,0.0
C2023-12,18,0.5
C2023-12,22,7.0
C2023-12,23,0.0
C2023-12,24,0.0
C2023-12,25,0.2
C2023-12,30,0.0
C2023-12,31,0.0
C2023-12,32,0.0
C2023-12,33,0.0
C2023-12,45,0.0
C2023-12,46,0.0
C2023-12,47,0.0
C2023-12,59,15.2
C2023-12,60,0.0
C2023-12,61,0.6
C2023-12,73,15.2
C2023-12,74,0.0
C2023-12,75,0.0
C2023-12,78,7.0
C2023-12,79,14.8
C2023-12,80,-0.4666666666666667
C2023-12,87,0.0
C2023-12,88,0.0
C2023-13,2,0.0
C2023-13,3,0.0
C2023-13,4,0.0
C2023-13,5,0.0
C2023-13,6,0.0
C2023-13,7,0.0
C2023-13,8,0.0
C2023-13,9,0.0
C2023-13,10,0.0
C2023-13,11,0.0
C2023-13,12,0.0
C2023-13,13,0.0
C2023-13,15,0.8
C2023-13,16,1.0
C2023-13,17,0.7142857142857143
C2023-13,18,0.7142857142857143
C2023-13,19,0.5
C2023-13,20,0.75
C2023-13,21,1.0
C2023-13,22,0.7
C2023-13,23,0.7
C2023-13,24,0.6666666666666666
C2023-13,25,0.5
C2023-13,26,0.7
C2023-13,27,0.7111111111111111
C2023-13,28,0.75
C2023-13,29,0.7
C2023-13,30,0.8
C2023-13,31,0.7
C2023-13,32,0.5
C2023-13,33,0.7
C2023-13,34,0.7205882352941176
C2023-13,35,0.7
C2023-13,36,0.7
C2023-13,37,0.8
C2023-13,38,0.5
C2023-13,39,0.7
C2023-13,40,0.5
C2023-13,41,0.7
C2023-13,42,0.7
C2023-13,43,0.8
C2023-13,44,0.6666666666666666
C2023-13,45,1.0
C2023-13,46,0.7205882352941176
C2023-13,47,0.72
C2023-13,48,0.8
C2023-13,49,0.8
C2023-13,50,0.8
C2023-13,51,1.0
C2023-13,53,0.8
C2023-13,54,0.7
C2023-13,55,0.5
C2023-13,56,0.7
C2023-13,57,0.7090909090909091
C2023-13,58,0.72
C2023-13,59,0.8
C2023-13,60,0.7
C2023-13,61,0.8
C2023-13,62,0.7
C2023-13,65,2.0
C2023-13,66,2.339622641509434
C2023-13,67,2.4
C2023-13,68,2.35
C2023-13,69,2.4
C2023-13,70,2.3
C2023-13,71,2.0
C2023-13,72,2.5
C2023-13,73,2.3
C2023-13,74,2.3333333333333335
C2023-13,75,2.4
C2023-13,76,2.4
C2023-13,135,2.3333333333333335
C2023-13,136,2.35
C2023-13,137,2.4
C2023-13,138,2.3
C2023-13,139,2.0
C2023-13,140,2.5
C2023-13,141,2.3
C2023-13,142,2.4
C2023-13,143,2.4
C2023-13,144,2.3404255319148937
C2023-13,145,2.3333333333333335
C2023-13,146,2.3
C2023-13,147,2.4
C2023-13,148,2.3
C2023-13,149,2.3
C2023-13,150,2.5
C2023-13,151,2.3
C2023-13,152,2.3333333333333335
C2023-13,153,2.4
C2023-13,154,2.4
C2023-13,155,2.5
C2023-13,165,2.4
C2023-13,166,2.341666666666667
C2023-13,168,2.4
C2023-13,169,2.4
C2023-13,170,2.0
C2023-13,171,2.4
C2023-13,175,1.6304347826086956
C2023-13,176,1.64
C2023-13,177,1.6666666666666667
C2023-13,178,1.6
C2023-13,179,1.6666666666666667
C2023-13,180,1.6
C2023-13,181,1.5
C2023-13,190,3.5
C2023-13,200,3.4
C2023-13,201,3.5
C2023-13,202,3.3333333333333335
C2023-13,203,3.5
C2023-13,204,3.484848484848485
C2023-13,205,3.4
C2023-13,206,3.4
C2023-13,207,3.5
C2024-01,3,0.0
C2024-01,4,0.0
C2024-01,5,0.0
C2024-01,6,0.0
C2024-01,7,0.0
C2024-01,9,0.0
C2024-01,10,0.0
C2024-01,12,0.0
C2024-01,13,0.0
C2024-01,14,0.0
C2024-01,15,0.0
C2024-01,16,0.0
C2024-01,17,0.0
C2024-01,18,0.0
C2024-01,21,0.0
C2024-01,23,0.0
C2024-01,25,0.0
C2024-01,26,0.0
C2024-01,28,0.0
C2024-01,29,0.0
C2024-01,30,0.0
C2024-01,33,0.0
C2024-01,34,0.0
C2024-01,35,0.0
C2024-01,37,0.0
C2024-01,38,0.0
C2024-01,39,1.0
C2024-01,42,0.0
C2024-01,43,1.0
C2024-01,45,0.0
C2024-01,46,0.0
C2024-01,47,0.0
C2024-01,49,0.0
C2024-01,50,0.0
C2024-01,51,0.0
C2024-01,53,0.0
C2024-01,54,0.0
C2024-01,56,0.0
C2024-01,57,0.0
C2024-01,58,0.0
C2024-01,60,0.0
C2024-01,61,0.0
C2024-01,63,0.0
C2024-01,64,0.0
C2024-01,67,0.0
C2024-01,68,0.0
C2024-01,70,0.0
C2024-01,71,0.3333333333333333
C2024-01,72,0.0
C2024-01,73,0.0
C2024-01,75,0.0
C2024-01,77,0.0
C2024-01,78,0.0
C2024-01,79,0.0
C2024-01,80,0.0
C2024-01,81,0.0
C2024-01,82,0.0
C2024-01,84,0.0
C2024-01,86,0.0
C2024-01,87,0.0
C2024-01,88,0.0
C2024-01,89,0.0
C2024-01,91,0.0
C2024-01,92,0.0
C2024-01,93,0.0
C2024-01,94,0.0
C2024-01,95,0.0
C2025-01,2,0.0
C2025-01,3,0.0
C2025-01,6,0.0
C2025-01,8,0.0
C2025-01,9,0.0
C2025-01,10,0.0
C2025-01,11,0.0
C2025-01,13,0.14285714285714285
C2025-01,14,-0.14285714285714285
C2025-01,15,1.0
C2025-01,16,0.3333333333333333
C2025-01,17,0.3333333333333333
C2025-01,19,0.0
C2025-01,21,0.0
C2025-01,23,0.0
C2025-01,25,0.0
C2025-01,26,0.0
C2025-01,29,-0.5
C2025-01,31,0.5
C2025-01,32,0.0
C2025-01,33,-0.25
C2025-01,35,0.0
C2025-01,36,0.0
C2025-01,37,0.0
C2025-01,38,0.0
C2025-01,40,0.0
C2025-01,42,0.0
C2025-01,44,0.0
C2025-01,46,0.0
C2025-01,49,0.0
C2025-01,50,0.0
C2025-01,52,0.0
C2025-01,53,0.0
C2025-01,54,0.0
C2025-01,56,0.0
C2025-01,57,0.0
C2025-01,59,0.0
C2025-01,61,0.0
C2025-01,63,0.0
C2025-01,65,0.0
C2025-01,66,0.0
C2025-01,68,0.0
C2025-01,69,0.0
C2025-01,71,0.0
C2025-01,72,0.0
C2025-02,3,0.0
C2025-02,4,0.0
C2025-02,5,0.0
C2025-02,6,0.0
C2025-02,7,0.0
C2025-02,8,0.0
C2025-02,10,0.0
C2025-02,11,0.0
C2025-02,12,0.0
C2025-02,14,0.0
C2025-02,15,0.0
C2025-02,16,0.0
C2025-02,17,0.0
C2025-02,18,0.0
C2025-02,19,0.0
C2025-02,21,0.0
C2025-02,22,0.0
C2025-02,26,0.0
C2025-02,27,0.0
C2025-02,29,0.0
C2025-02,30,0.0
C2025-02,31,0.0
C2025-02,32,0.0
C2025-02,33,0.0
C2025-02,34,0.0
C2025-02,36,0.0
C2025-02,38,0.0
C2025-02,39,0.0
C2025-02,40,0.0
C2025-02,41,0.0
C2025-02,42,0.0
C2025-02,44,0.0
C2025-02,46,0.0
C2025-02,47,0.0
C2025-02,48,0.0
C2025-02,51,0.0
C2025-02,52,0.0
C2025-02,54,0.0
C2025-02,55,0.0
C2025-02,56,0.0
C2025-02,57,0.0
C2025-02,59,0.0
C2025-02,60,0.0
C2025-02,61,0.0
C2025-02,62,0.0
C2025-02,64,0.0
C2025-02,66,0.0
C2025-02,67,0.0
C2025-02,69,0.0
C2025-02,72,0.0
C2025-02,73,0.0
C2025-02,75,0.0
C2025-02,76,0.0
C2025-02,77,0.0
C2025-02,78,0.0
C2025-02,79,0.0
C2025-02,81,0.0
C2025-02,82,0.0
C2025-02,83,0.0
C2025-02,84,0.0
C2025-02,86,0.0
C2025-02,88,0.0
C2025-02,92,0.0
C2025-02,93,0.0
C2025-02,94,0.0
C2025-02,96,0.0
C2025-02,97,0.0
C2025-02,98,0.0
C2025-02,99,0.0
C2025-02,100,0.0
C2025-02,101,0.0
C2025-02,103,0.0
C2025-02,104,0.0
C2025-02,105,0.0
C2025-02,107,0.0
C2025-02,109,0.0
C2025-02,112,0.0
C2025-02,113,0.0
C2025-02,114,0.0
C2025-02,116,0.0
C2025-02,117,0.0
C2025-02,118,0.0
C2025-02,119,0.0
C2025-02,120,0.0
C2025-02,121,0.0
C2025-02,123,0.0
C2025-02,124,0.0
C2025-02,125,0.0
C2025-02,126,0.0
C2025-02,128,0.0
C2025-02,130,0.0
C2025-02,133,0.0
C2025-02,135,0.0
C2025-02,136,0.0
C2025-02,137,0.0
C2025-02,138,0.0
C2025-02,140,0.0
C2025-02,141,0.0
C2025-02,143,0.0
C2025-02,145,0.0
C2025-03,2,1.0
C2025-03,3,1.0
C2025-03,5,0.0
C2025-03,7,0.0
C2025-03,9,0.0
C2025-03,10,0.0
C2025-03,11,0.0
C2025-03,13,0.0
C2025-03,14,0.0
C2025-03,15,0.0
C2025-03,17,0.0
C2025-03,20,0.0
C2025-03,21,0.0
C2025-03,22,0.0
C2025-03,24,0.0
C2025-03,26,0.0
C2025-03,29,1.0
C2025-03,30,0.0
C2025-03,31,0.5
C2025-03,32,0.0
C2025-03,33,0.0
C2025-03,35,2.0
C2025-03,36,1.0
C2025-03,38,1.5
C2025-03,39,0.0
C2025-03,41,2.0
C2025-03,43,0.5
C2025-03,45,1.0
C2025-03,46,1.0
C2025-03,47,0.0
C2025-03,49,1.0
C2025-03,50,2.0
C2025-03,51,2.0
C2025-03,53,0.5
C2025-03,55,1.0
C2025-03,56,1.0
C2025-03,57,1.0
C2025-03,58,2.0
C2025-03,61,0.0
C2025-03,62,0.0
C2025-03,64,0.0
C2025-03,65,-0.5
C2025-03,66,0.0
C2025-03,68,0.0
C2025-03,69,0.0
C2025-03,70,0.0
C2025-03,72,0.0
C2025-03,73,0.0
C2025-03,74,0.0
C2025-03,76,0.0
C2025-03,77,0.0
C2025-03,78,0.0
C2025-03,80,0.0
C2025-03,81,0.0
C2025-03,82,0.0
C2025-03,84,0.0
C2025-03,86,1.0
C2025-03,87,1.0
C2025-03,88,3.0
C2025-03,89,0.0
C2025-03,91,0.0
C2025-03,94,0.0
C2025-03,95,0.75
C2025-03,97,1.0
C2025-03,98,0.0
C2025-03,99,1.0
C2025-03,100,-0.5
C2025-03,101,0.0
C2025-03,102,1.0
C2025-03,104,0.0
C2025-03,107,-0.5
C2025-03,109,1.0
C2025-03,110,0.0
C2025-03,111,0.0
C2025-03,114,1.0
C2025-03,115,0.0
C2025-03,118,0.0
C2025-03,120,0.0
C2025-03,123,0.0
C2025-03,124,0.0
C2025-03,126,0.0
C2025-03,127,0.0
C2025-03,129,0.0
C2025-03,132,0.0
C2025-03,133,2.0
C2025-03,134,0.0
C2025-03,135,0.0
C2025-03,136,0.0
C2025-03,138,0.0
C2025-03,139,0.0
C2025-03,141,0.0
C2025-03,144,1.0
C2025-03,146,0.0
C2025-03,147,2.0
C2025-03,148,0.0
C2025-03,149,0.0
C2025-03,151,0.0
C2025-03,153,0.0
C2025-03,154,0.0
C2025-03,156,1.0
C2025-03,157,0.0
C2025-03,159,0.0
C2025-03,160,0.0
C2025-03,161,0.0
C2025-03,162,0.0
C2025-03,164,0.0
C2025-03,166,0.0
C2025-03,167,0.0
C2025-03,168,1.0
C2025-03,170,1.0
C2025-03,172,0.0
C2025-03,175,0.0
C2025-03,176,0.0
C2025-03,177,0.0
C2025-03,178,0.0
C2025-03,179,0.0
C2025-03,182,0.0
C2025-03,183,0.0
C2025-03,184,0.0
C2025-03,185,0.0
C2025-03,186,0.0
C2025-03,187,0.0
C2025-03,189,0.0
C2025-03,191,0.0
C2025-03,192,1.0
C2025-03,193,0.0
C2025-03,194,0.0
C2025-03,196,0.0
C2025-03,197,0.0
C2025-03,198,0.0
C2025-03,199,0.0
C2025-03,200,0.0
C2025-03,201,0.0
C2025-03,203,0.0
C2025-03,206,0.0
C2025-03,207,0.0
C2025-03,208,0.0
C2025-03,209,0.0
C2025-03,210,0.0
C2025-03,211,0.0
C2025-03,214,0.0
C2025-03,215,0.0
C2025-03,216,0.0
C2025-03,217,0.0
C2025-03,218,0.0
C2025-03,221,0.0
C2025-03,222,0.0
C2025-03,223,0.0
C2025-04,3,0.0
C2025-04,4,0.0
C2025-04,5,0.0
C2025-04,7,0.2
C2025-04,8,-0.16666666666666666
C2025-04,9,0.0
C2025-04,10,2.0
C2025-04,11,0.0
C2025-04,12,-0.3181818181818182
C2025-04,15,0.5
C2025-04,16,4.0
C2025-04,17,0.0
C2025-04,18,0.3333333333333333
C2025-04,20,0.3333333333333333
C2025-04,21,-0.2
C2025-04,22,-0.5
C2025-04,23,0.47058823529411764
C2025-04,24,-0.8823529411764706
C2025-04,25,0.2857142857142857
C2025-04,27,-0.25
C2025-04,28,0.0
C2025-04,29,0.3333333333333333
C2025-04,31,-0.125
C2025-04,32,0.2857142857142857
C2025-04,33,-0.16666666666666666
C2025-04,34,-0.14285714285714285
C2025-04,35,0.125
C2025-04,36,-0.14285714285714285
C2025-04,37,-0.14285714285714285
C2025-04,39,-0.42857142857142855
C2025-04,40,0.3333333333333333
C2025-04,41,0.3333333333333333
C2025-04,42,-0.5
C2025-04,44,-0.92
C2025-04,45,-0.5
C2025-04,46,0.4
C2025-04,47,-0.2
C2025-04,48,-0.5
C2025-04,49,0.5
C2025-04,50,0.5
C2025-04,52,0.0
C2025-04,53,0.0
C2025-04,54,0.0
C2025-04,55,0.0
C2025-04,56,0.0
C2025-04,57,0.0
C2025-04,59,0.0
C2025-04,60,0.0
C2025-04,61,0.0
C2025-04,62,3.5
C2025-04,63,0.0
C2025-04,65,0.0
C2025-04,66,0.0
C2025-04,67,2.0
C2025-04,68,0.0
C2025-04,69,0.0
C2025-04,73,0.0
C2025-04,74,0.0
C2025-04,75,0.0
C2025-04,77,0.0
C2025-04,78,0.0
C2025-04,80,0.0
C2025-04,81,0.0
C2025-04,84,0.0
C2025-04,86,0.2
C2025-04,88,0.10526315789473684
C2025-04,90,-0.125
C2025-04,91,0.125
C2025-04,92,-0.5714285714285714
C2025-04,93,0.0
C2025-04,95,0.0
C2025-04,96,0.0
C2025-04,98,0.0
C2025-04,99,0.0
C2025-04,100,0.0
C2025-04,101,0.0
C2025-04,102,0.0
C2025-04,103,0.0
C2025-04,104,0.0
C2025-04,105,0.0
C2025-04,106,0.0
C2025-04,107,0.0
C2025-04,109,0.5
C2025-04,110,0.5
C2025-04,113,0.0
C2025-04,114,-0.5
C2025-04,115,0.0
C2025-04,117,-0.4
C2025-04,118,-0.4
C2025-04,119,0.0
C2025-04,120,0.0
C2025-04,122,0.0
C2025-04,125,0.0
C2025-04,126,0.0
C2025-04,127,0.0
C2025-04,128,-0.0625
C2025-04,130,0.0
C2025-04,131,0.5
C2025-04,133,0.0
C2025-04,136,-0.6666666666666666
C2025-04,138,0.0
C2025-04,140,0.0
C2025-04,141,0.0
C2025-04,142,0.0
C2025-04,144,0.0
C2025-04,146,0.0
C2025-04,147,0.0
C2025-04,148,0.0
C2025-04,149,0.0625
C2025-04,150,0.0
C2025-04,151,0.0
C2025-04,152,0.0
C2025-04,153,0.0
C2025-04,156,0.0
C2025-04,157,0.0
C2025-04,158,0.0
C2025-04,159,0.0
C2025-04,160,0.0
C2025-04,162,0.5
C2025-04,163,0.0
C2025-04,165,0.0
C2025-04,166,0.0
C2025-04,167,0.0
C2025-04,168,0.0
C2025-04,169,0.0
C2025-04,170,0.0
C2025-04,171,0.0
C2025-04,172,1.0
C2025-04,174,0.0
C2025-04,176,0.0
C2025-04,177,0.0
C2025-04,178,0.6
C2025-04,179,0.2
C2025-04,180,1.4
C2025-04,181,0.0
C2025-04,184,0.2
C2025-04,185,0.0
C2025-04,186,0.0
C2025-04,188,0.0
C2025-04,189,0.0
C2025-04,191,0.6
C2025-04,192,0.5
C2025-04,194,0.0
C2025-04,196,-0.4
C2025-04,197,0.0
C2025-04,198,0.0
C2025-04,200,0.0
C2025-04,201,0.0
C2025-04,203,0.0
C2025-05,3,1.0
C2025-05,4,0.0
C2025-05,5,0.0
C2025-05,7,0.0
C2025-05,8,0.0
C2025-05,9,0.0
C2025-05,10,0.0
C2025-05,11,0.0
C2025-05,13,1.0
C2025-05,14,0.0
C2025-05,15,0.5
C2025-05,16,0.0
C2025-05,17,0.0
C2025-05,19,0.25
C2025-05,20,0.0
C2025-05,21,0.0
C2025-05,23,0.0
C2025-05,24,0.0
C2025-05,25,0.0
C2025-05,26,0.0
C2025-05,27,0.0
C2025-05,28,0.0
C2025-05,31,0.0
C2025-05,33,0.0
C2025-05,34,0.0
C2025-05,35,0.0
C2025-05,36,0.0
C2025-05,38,0.0
C2025-05,39,0.0
C2025-05,40,0.0
C2025-05,41,0.0
C2025-05,42,0.0
C2025-05,43,0.0
C2025-05,46,0.0
C2025-05,48,0.0
C2025-05,49,0.0
C2025-05,50,0.0
C2025-05,51,0.0
C2025-05,52,0.0
C2025-05,53,0.0
C2025-05,54,0.0
C2025-05,56,0.0
C2025-05,57,0.0
C2025-05,59,0.0
C2025-05,60,0.0
C2025-05,61,0.0
C2025-05,62,0.0
C2025-05,65,0.0
C2025-05,68,0.0
C2025-05,69,0.0
C2025-05,71,0.0
C2025-05,72,0.0
C2025-05,73,0.0
C2025-05,75,0.0
C2025-05,76,0.0
C2025-05,77,0.0
C2025-05,78,0.0
C2025-05,79,0.0
C2025-06,5,1.0
C2025-06,6,0.0
C2025-06,7,0.8
C2025-06,8,0.5
C2025-06,9,0.0
C2025-06,12,0.0
C2025-06,13,-0.05
C2025-06,14,-0.03333333333333333
C2025-06,15,0.05
C2025-06,17,-0.05
C2025-06,18,0.0
C2025-06,21,4.0
C2025-06,22,-0.5
C2025-06,23,2.0
C2025-06,24,0.0
C2025-06,25,1.5
C2025-06,26,1.5
C2025-06,28,0.0
C2025-06,29,0.0
C2025-06,30,0.0
C2025-06,31,0.0
C2025-06,32,0.0
C2025-06,34,0.0
C2025-06,35,0.0
C2025-06,36,0.0
C2025-06,37,0.0
C2025-06,38,0.0
C2025-06,39,0.0
C2025-06,40,0.0
C2025-06,41,0.0
C2025-06,43,0.0
C2025-06,44,0.0
C2025-06,45,0.0
C2025-06,46,0.0
C2025-06,47,0.0
C2025-06,49,0.0
C2025-06,50,0.0
C2025-06,51,0.0
C2025-06,52,0.0
C2025-06,53,-0.5
C2025-06,54,1.5
C2025-06,55,0.0
C2025-06,57,0.0
C2025-06,58,0.0
C2025-06,59,1.0
C2025-06,60,0.0
C2025-06,61,2.0
C2025-06,62,0.0
C2025-06,64,0.0
C2025-06,66,4.0
C2025-06,68,5.0
C2025-06,69,0.0
C2025-08,4,2.0
C2025-08,5,3.0
C2025-08,6,0.0
C2025-08,8,4.0
C2025-08,10,0.0
C2025-08,14,0.5
C2025-08,15,0.0
C2025-08,16,0.0
C2025-08,18,0.0
C2025-08,20,0.0
C2025-08,21,0.0
C2025-08,23,0.0
C2025-08,24,0.0
C2025-08,25,0.0
C2025-08,28,0.0
C2025-08,29,0.0
C2025-08,31,0.0
C2025-08,32,0.0
C2025-08,33,0.0
C2025-08,35,4.0
C2025-08,36,-0.5
C2025-08,37,0.0
C2025-08,39,0.0
C2025-08,40,0.0
C2025-08,41,0.0
C2025-08,42,0.0
C2025-08,43,0.0
C2025-08,44,0.0
C2025-08,47,0.0
C2025-08,48,1.0
C2025-08,50,0.0
C2025-08,51,0.0
C2025-08,52,-0.4
C2025-08,53,0.0
C2025-08,54,0.0
C2025-08,55,0.0
C2025-08,56,0.0
C2025-08,57,0.0
C2025-08,59,0.5
C2025-08,61,0.0
C2025-08,62,0.0
C2025-08,63,0.0
C2025-08,64,0.0
C2025-08,65,0.0
C2025-08,67,-0.14285714285714285
C2025-08,69,0.6666666666666666
C2025-08,70,0.0
C2025-08,71,0.0
C2025-08,72,0.0
C2025-08,73,0.0
C2025-08,74,0.0
C2025-08,75,0.0
C2025-08,76,0.0
C2025-08,77,0.0
C2025-08,79,0.0
C2025-08,81,2.0
C2025-08,84,0.0
C2025-08,85,0.0
C2025-08,86,0.0
C2025-08,88,0.0
C2025-08,89,0.0
C2025-08,90,0.0
C2025-08,93,0.0
C2025-08,94,0.0
C2025-08,95,0.0
C2025-08,96,0.0
C2025-08,99,0.0
C2025-08,100,0.0
C2025-08,102,0.0
C2025-08,103,0.0
C2025-08,104,0.0
C2025-08,106,0.0
C2025-08,107,0.0
C2025-08,109,0.0
C2025-08,111,0.0
C2025-09,4,1.0
C2025-09,5,0.0
C2025-09,6,0.0
C2025-09,7,0.0
C2025-09,8,0.0
C2025-09,10,0.0
C2025-09,11,0.0
C2025-09,12,0.0
C2025-09,13,0.0
C2025-09,15,-0.3333333333333333
C2025-09,16,0.0
C2025-09,17,0.0
C2025-09,18,1.0
C2025-09,19,0.0
C2025-09,20,1.0
C2025-09,21,0.0
C2025-09,23,0.0
C2025-09,24,2.0
C2025-09,25,-0.25
C2025-09,26,3.0
C2025-09,28,0.0
C2025-09,29,2.0
C2025-09,30,0.0
C2025-09,31,3.0
C2025-09,34,0.0
C2025-09,35,0.0
C2025-09,37,0.0
C2025-09,38,0.0
C2025-09,39,0.0
C2025-09,41,0.0
C2025-09,42,0.0
C2025-09,43,0.0
C2025-09,45,0.0
C2025-09,46,0.0
C2025-09,47,0.0
C2025-09,49,0.0
C2025-09,50,0.0
C2025-09,51,0.0
C2025-09,53,0.0
C2025-09,54,0.0
C2025-09,55,0.0
C2025-09,58,0.0
C2025-09,60,0.0
C2025-09,61,0.0
C2025-09,62,0.0
C2025-09,63,0.0
C2025-09,64,0.0
C2025-09,66,0.0
C2025-09,67,0.0
C2025-09,68,0.0
C2025-09,70,0.0
C2025-09,72,0.0
C2025-09,73,0.0
C2025-09,75,0.0
C2025-09,77,0.0
C2025-09,78,0.0
C2025-09,79,0.0
C2025-09,80,0.0
C2025-09,81,0.0
C2025-09,82,0.0
C2025-09,83,0.0
C2025-09,84,0.0
C2025-09,85,0.0
C2025-09,86,0.0
C2025-09,87,0.0
C2025-09,88,0.0
C2025-09,90,0.0
C2025-09,91,0.0
C2025-09,93,0.0
C2025-09,94,0.0
C2025-09,95,0.0
C2025-09,96,0.0
C2025-09,97,0.0
C2025-09,98,0.0
C2025-09,99,0.0
C2025-09,100,0.0
C2025-09,101,0.0
C2025-09,102,0.0
C2025-09,103,0.0
C2025-09,106,15.0
C2025-09,107,0.0
C2025-09,108,0.0
C2025-09,109,0.0
C2025-09,111,0.0
C2025-09,112,0.0
C2025-09,113,0.0
C2025-09,114,0.0
C2025-09,115,0.0
C2025-09,117,0.0
C2025-09,118,0.0
C2025-09,119,0.0
C2025-09,120,0.0
C2025-09,121,0.0
C2025-09,124,0.0
C2025-09,126,0.0
C2025-09,127,0.0
C2025-09,129,0.0
C2025-09,130,0.0
C2025-09,132,0.0
C2025-09,133,0.0
C2025-09,134,0.0
C2025-09,136,0.0
C2025-09,137,0.0
C2025-09,138,0.0
C2025-09,139,0.0
C2025-09,140,0.0
C2025-09,142,0.0
C2025-09,143,0.0
C2025-10,3,1.0
C2025-10,4,0.0
C2025-10,5,0.0
C2025-10,6,0.0
C2025-10,8,0.5
C2025-10,9,0.5
C2025-10,10,0.0
C2025-10,12,0.0
C2025-10,13,0.0
C2025-10,14,2.0
C2025-10,16,0.0
C2025-10,17,0.0
C2025-10,18,0.0
C2025-10,20,0.0
C2025-10,21,0.0
C2025-10,22,0.0
C2025-10,23,0.0
C2025-10,27,3.0
C2025-10,28,-0.3333333333333333
C2025-10,30,1.0
C2025-10,31,2.0
C2025-10,33,1.0
C2025-10,35,0.0
C2025-10,36,0.0
C2025-10,38,0.0
C2025-10,39,3.0
C2025-10,42,2.0
C2025-10,44,-0.2857142857142857
C2025-10,46,0.3333333333333333
C2025-10,47,0.0
C2025-10,50,2.0
C2025-10,51,0.0
C2025-10,53,0.3333333333333333
C2025-10,54,1.0
C2025-10,55,0.0
C2025-10,57,0.16666666666666666
C2025-10,58,-0.5
C2025-10,59,0.0
C2025-10,61,0.2
C2025-10,62,0.3333333333333333
C2025-10,63,0.0
C2025-10,66,0.0
C2025-10,67,0.0
C2025-10,68,0.0
C2025-10,70,0.0
C2025-10,71,0.0
C2025-10,73,0.0
C2025-10,74,-0.3333333333333333
C2025-10,75,0.0
C2025-10,78,2.0
C2025-10,79,0.0
C2025-10,80,0.0
C2025-10,82,-0.5
C2025-10,84,0.0
C2025-10,86,0.3333333333333333
C2025-10,87,0.0
C2025-10,89,0.0
C2025-10,90,1.5
C2025-10,93,0.0
C2025-10,94,0.5
C2025-10,95,0.0
C2025-10,97,0.0
C2025-10,98,2.0
C2025-10,99,0.0
C2025-10,100,0.0
C2025-10,101,0.0
C2025-10,102,0.0
C2025-10,105,0.6666666666666666
C2025-10,106,0.0
C2025-10,108,0.0
C2025-10,110,0.0
C2025-10,112,0.2
C2025-10,115,0.0
C2025-10,117,0.0
C2025-10,118,0.0
C2025-10,120,-0.5
C2025-10,122,0.0
C2025-10,123,0.0
C2025-10,124,0.0
C2025-10,125,0.0
C2025-10,126,0.0
C2025-10,127,0.0
C2025-10,128,0.0
C2025-10,130,0.0
C2025-10,131,0.0
C2025-10,132,0.0
C2025-10,133,0.0
C2025-10,134,0.0
C2025-10,135,0.0
C2025-10,136,3.0
C2025-10,137,0.0
C2025-10,138,0.0
C2025-10,139,0.0
C2025-10,140,0.0
C2025-10,142,0.0
C2025-10,144,0.0
C2025-10,145,0.0
C2025-10,146,0.0
C2025-10,148,0.0
C2025-10,149,0.0
C2025-10,150,0.0
C2025-10,151,0.0
C2025-10,152,0.0
C2025-10,153,-0.6666666666666666
C2025-10,155,0.0
C2025-10,156,0.0
C2025-10,157,0.0
C2025-10,158,0.0
C2025-10,159,0.0
C2025-10,160,0.0
C2025-10,161,0.0
C2025-10,162,0.0
C2025-10,163,0.0
C2025-10,165,1.0
C2025-12,4,1.0
C2025-12,5,-0.13559322033898305
C2025-12,7,0.0
C2025-12,8,0.0
C2025-12,10,2.0
C2025-12,11,0.0
C2025-12,13,-0.13333333333333333
C2025-12,14,0.0
C2025-12,15,0.0
C2025-12,16,0.0
C2025-12,17,0.0
C2025-12,18,0.0
C2025-12,21,0.0
C2025-12,22,0.0
C2025-12,23,0.5
C2025-12,24,0.0
C2025-12,25,0.0
C2025-12,27,0.0
C2025-12,28,0.0
C2025-12,29,0.0
C2025-12,32,0.4
C2025-12,33,0.0
C2025-12,35,0.0
C2025-12,36,0.0
C2025-12,38,0.0
C2025-12,39,0.0
C2025-12,41,0.0
C2025-12,42,0.0
C2025-12,44,-0.2
C2025-12,46,0.0
C2025-12,48,0.0
C2025-12,51,1.0
C2025-12,52,0.0
C2025-12,53,0.0
C2025-12,54,0.0
C2025-12,55,0.0
C2025-12,56,0.0
C2025-12,59,0.0
C2025-12,60,0.0
C2025-12,61,3.0
C2025-12,62,0.0
C2025-12,63,0.0
C2025-12,66,0.0
C2025-12,67,0.0
C2025-12,68,1.0
C2025-12,69,0.0
C2025-12,70,0.0
C2025-12,71,0.0
C2025-12,72,-0.5
C2025-12,73,0.0
C2025-12,76,0.0
C2025-12,77,4.0
C2025-12,78,0.0
C2025-12,79,0.0
C2025-12,80,0.0
C2025-12,83,0.0
C2025-12,84,0.0
C2025-12,85,0.0
C2025-12,86,0.0
C2025-12,88,0.0
C2025-12,91,0.0
C2025-12,92,0.0
C2025-12,93,0.0
C2025-12,94,0.0
C2025-12,95,0.0
C2025-12,97,0.0
C2025-12,99,0.0
C2025-12,101,0.0
C2025-12,102,0.0
C2025-12,103,-0.5
C2025-12,104,0.0
C2025-12,105,0.0
C2025-12,108,0.0
C2025-12,109,1.0
C2025-12,111,0.0
C2025-12,112,0.0
C2025-12,113,0.0
C2025-12,114,0.0
C2025-12,115,0.0
C2025-12,118,0.0
C2025-12,120,0.0
C2025-12,122,0.0
C2025-12,124,0.0
C2025-12,126,0.0
C2025-12,127,0.0
C2025-12,128,0.0
C2025-12,129,0.0
C2025-12,130,0.0
C2025-12,133,0.0
C2025-12,134,-0.5
C2025-12,135,0.0
C2025-12,137,0.0
C2025-12,140,0.0
C2025-12,141,2.0
C2025-12,143,0.0
C2025-12,144,2.0
C2025-12,146,0.0
C2025-12,147,0.0
C2025-12,149,0.0
C2025-12,152,0.0
C2025-12,153,0.0
C2025-12,154,0.0
C2025-12,155,0.0
C2025-12,156,0.0
C2025-12,157,0.0
C2025-12,159,0.0
C2025-12,162,0.0
C2025-12,163,-0.6666666666666666
C2025-12,164,0.0
C2025-12,165,0.0
C2025-12,166,0.0
C2025-12,167,0.0
C2025-12,170,0.0
C2025-12,171,0.0
C2025-12,172,4.0
C2025-12,173,0.0
C2025-12,174,0.0
C2025-12,176,0.0
C2025-12,177,0.0
C2025-12,180,0.0
C2025-12,182,2.0
C2025-12,184,-0.5
C2025-12,186,0.0
C2025-13,5,0.0
C2025-13,6,1.0
C2025-13,7,0.0
C2025-13,9,0.0
C2025-13,12,-0.2
C2025-13,13,0.0
C2025-13,14,0.0
C2025-13,16,0.0
C2025-13,17,0.0
C2025-13,18,0.0
C2025-13,19,0.0
C2025-13,20,0.0
C2025-13,21,0.0
C2025-13,23,0.0
C2025-13,24,0.0
C2025-13,26,0.0
C2025-13,28,0.0
C2025-13,29,0.0
C2025-13,32,0.0
C2025-13,33,0.0
C2025-13,34,0.0
C2025-13,35,0.0
C2025-13,38,2.0
C2025-13,40,0.0
C2025-13,41,0.0
C2025-13,43,0.0
C2025-13,45,0.0
C2025-13,46,0.0
C2025-13,47,0.0
C2025-13,48,0.0
C2025-13,49,0.0
C2025-13,51,0.0
C2025-13,52,0.0
C2025-13,53,0.0
C2025-13,54,0.0
C2025-13,56,0.0
C2025-13,57,0.0
C2025-13,59,0.0
C2025-13,62,0.0
C2025-13,64,0.0
C2025-13,66,0.0
C2025-13,68,0.0
C2025-13,69,0.0
C2025-13,70,0.0
C2025-13,72,0.0
C2025-13,73,0.2857142857142857
C2025-13,75,0.0
C2025-13,77,0.0
C2025-13,78,0.0
C2025-13,79,0.0
C2025-13,80,0.0
C2025-13,82,0.0
C2025-13,83,0.75
C2025-13,84,0.0
C2025-13,87,0.5
C2025-13,88,0.0
C2025-13,89,0.0
C2025-13,90,0.0
C2025-13,93,0.0
C2025-13,94,0.0
C2025-13,96,0.0
C2025-13,97,0.0
C2025-13,98,1.5
C2025-13,99,0.0
C2025-13,101,0.0
C2025-13,104,0.0
C2025-13,105,0.0
C2025-13,107,0.0
C2025-13,109,0.0
C2025-13,110,0.0
C2025-13,113,4.0
C2025-13,114,0.0
C2025-13,115,0.0
C2025-13,116,0.0
C2025-13,117,0.0
C2025-13,120,1.0
C2025-13,121,0.5
C2025-13,122,-0.3333333333333333
C2025-13,123,0.0
C2025-13,125,0.0
C2025-13,126,1.0
C2025-13,127,0.0
C2025-13,128,0.0
C2025-13,130,0.0
C2025-13,131,0.0
C2025-13,133,3.0
C2025-13,134,0.0
C2025-13,135,0.0
C2025-13,137,1.0
C2025-13,138,0.0
C2025-13,139,0.0
C2025-13,140,0.0
C2025-13,141,0.0
C2025-13,143,0.0
C2025-13,144,0.75
C2025-13,145,0.0
C2025-13,146,0.0
C2025-13,147,0.0
C2025-13,148,0.0
C2025-13,150,0.0
C2025-13,151,0.0
C2025-13,152,1.5
C2025-13,154,0.0
C2025-13,155,0.0
C2025-13,156,0.0
C2025-13,157,0.0
C2025-13,160,2.0
C2025-13,161,0.0
C2025-13,162,0.0
C2025-13,164,0.0
C2025-13,166,0.0
C2025-13,167,0.6666666666666666
C2025-13,168,0.0
C2025-13,170,0.0
C2025-13,171,0.0
C2025-13,172,0.0
C2025-13,173,0.0
C2025-13,175,0.0
C2025-13,178,-0.3333333333333333
C2025-13,179,0.0
C2025-13,180,0.0
C2025-13,182,0.0
C2025-13,183,0.0
C2025-13,185,0.0
C2025-13,186,0.0
C2025-13,187,0.0
C2025-13,189,0.0
C2025-13,190,0.0
C2025-13,191,0.0
C2025-13,195,0.0
C2025-13,196,0.0
C2025-13,197,0.0
C2025-13,198,0.0
C2025-13,199,0.0
C2025-13,200,0.0
C2025-13,201,0.0
C2025-13,204,0.0
C2025-13,206,0.0
C2025-13,207,0.0
C2025-13,209,0.0
C2025-13,210,0.0
C2025-13,211,0.0
C2025-13,212,0.0
C2025-13,214,0.0
C2025-13,215,0.0
C2025-13,216,0.0
C2025-13,217,0.0
C2025-13,218,0.0
C2025-13,221,0.0
C2025-13,223,0.0
C2025-13,224,0.0
C2025-14,6,0.0
C2025-14,7,0.0
C2025-14,9,1.0
C2025-14,10,0.0
C2025-14,12,0.0
C2025-14,13,0.0
C2025-14,14,0.0
C2025-14,16,0.0
C2025-14,17,0.0
C2025-14,18,0.0
C2025-14,19,0.0
C2025-14,20,0.0
C2025-14,21,0.0
C2025-14,22,0.0
C2025-14,26,0.3333333333333333
C2025-14,27,0.0
C2025-14,28,0.0
C2025-14,29,0.14285714285714285
C2025-14,31,0.16666666666666666
C2025-14,32,0.0
C2025-14,33,1.0
C2025-14,34,0.0
C2025-14,36,-0.6666666666666666
C2025-14,39,0.5
C2025-14,40,1.0
C2025-14,41,1.0
C2025-14,42,0.0
C2025-14,44,1.0
C2025-14,45,1.0
C2025-14,46,0.0
C2025-14,48,0.0
C2025-14,50,0.0
C2025-14,53,1.0
C2025-14,54,0.0
C2025-14,55,6.0
C2025-14,57,0.3333333333333333
C2025-14,58,2.0
C2025-14,59,1.0
C2025-14,60,0.0
C2025-14,62,0.0
C2025-14,65,1.0
C2025-14,66,0.0
C2025-14,67,0.0
C2025-14,68,0.0
C2025-14,70,0.2
C2025-14,71,0.0
C2025-14,72,0.0
C2025-14,73,0.0
C2025-14,75,0.0
C2025-14,77,0.0
C2025-14,80,1.0
C2025-14,81,0.0
C2025-14,82,1.0
C2025-14,83,0.0
C2025-14,85,0.0
C2025-14,86,0.0
C2025-14,87,1.0
C2025-14,88,-0.6666666666666666
C2025-14,90,0.0
C2025-14,93,0.0
C2025-14,94,1.0
C2025-14,95,0.0
C2025-14,96,0.0
C2025-14,98,0.2
C2025-14,99,0.0
C2025-14,100,1.0
C2025-14,101,0.0
C2025-14,103,0.0
C2025-14,105,0.6666666666666666
C2025-14,108,0.0
C2025-14,109,2.0
C2025-14,110,0.0
C2025-14,111,0.0
C2025-14,113,1.0
C2025-14,115,1.0
C2025-14,116,0.0
C2025-14,118,1.0
C2025-14,120,1.0
C2025-14,122,1.0
C2025-14,124,1.0
C2025-14,126,2.0
C2025-14,127,2.0
C2025-15,5,1.0
C2025-15,6,0.0
C2025-15,7,0.0
C2025-15,9,-0.375
C2025-15,10,0.5
C2025-15,11,0.25
C2025-15,12,1.0
C2025-15,14,0.0
C2025-15,15,0.0
C2025-15,16,0.0
C2025-15,18,0.0
C2025-15,19,0.0
C2025-15,20,0.0
C2025-15,21,0.0
C2025-15,22,0.0
C2025-15,23,0.0
C2025-15,24,0.0
C2025-15,28,1.0
C2025-15,29,2.0
C2025-15,30,0.0
C2025-15,31,2.0
C2025-15,33,1.0
C2025-15,34,0.5
C2025-15,35,3.0
C2025-15,36,1.0
C2025-15,37,1.0
C2025-15,40,0.0
C2025-15,41,-0.5
C2025-15,42,0.0
C2025-15,43,0.0
C2025-15,45,0.0
C2025-15,46,2.0
C2025-15,47,0.0
C2025-15,48,1.0
C2025-15,50,1.0
C2025-15,53,0.0
C2025-15,54,0.0
C2025-15,55,0.0
C2025-15,56,0.0
C2025-15,58,0.0
C2025-15,59,0.0
C2025-15,61,0.0
C2025-15,63,1.0
C2025-15,64,1.0
C2025-15,65,0.0
C2025-15,67,2.0
C2025-15,69,1.0
C2025-15,71,1.0
C2025-15,73,1.0
C2025-15,74,2.0
C2025-16,3,0.0
C2025-16,6,0.0
C2025-16,7,0.5
C2025-16,8,0.0
C2025-16,9,0.0
C2025-16,10,-0.14285714285714285
C2025-16,12,-0.2
C2025-16,13,0.6666666666666666
C2025-16,15,-0.2857142857142857
C2025-16,16,0.2
C2025-16,18,0.2
C2025-16,19,-0.6
C2025-16,20,0.5
C2025-16,21,1.0
C2025-16,23,0.3333333333333333
C2025-16,24,0.3333333333333333
C2025-16,25,0.6666666666666666
C2025-16,26,1.0
C2025-16,27,-0.5
C2025-16,28,0.0
C2025-16,29,-0.8571428571428571
C2025-16,30,0.6666666666666666
C2025-16,31,0.0
C2025-16,33,0.0
C2025-16,34,0.5
C2025-16,35,1.0
C2025-16,36,1.0
C2025-16,38,-0.6
C2025-16,40,1.0
C2025-16,43,0.0
C2025-16,44,0.0
C2025-16,45,0.0
C2025-16,47,0.0
C2025-16,48,0.0
C2025-16,49,0.0
C2025-16,50,0.0
C2025-16,51,0.0
C2025-16,53,0.0
C2025-16,55,0.0
C2025-16,58,0.0
C2025-16,59,0.0
C2025-16,60,0.0
C2025-16,62,0.0
C2025-16,63,0.0
C2025-16,64,0.0
C2025-16,65,0.0
C2025-16,66,0.0
C2025-16,68,0.0
C2025-16,70,0.0
C2025-17,3,0.0
C2025-17,4,0.0
C2025-17,5,0.0
C2025-17,7,0.0
C2025-17,8,0.0
C2025-17,9,0.0
C2025-17,10,0.0
C2025-17,14,0.0
C2025-17,16,0.3333333333333333
C2025-17,17,-0.6666666666666666
C2025-17,18,1.0
C2025-17,19,0.0
C2025-17,20,0.0
C2025-17,21,-0.6666666666666666
C2025-17,22,-0.5
C2025-17,23,0.0
C2025-17,25,0.5
C2025-17,26,0.5
C2025-17,27,0.0
C2025-17,28,0.0
C2025-17,29,0.0
C2025-17,31,1.0
C2025-17,34,1.0
C2025-17,35,0.5
C2025-17,36,0.0
C2025-17,37,1.0
C2025-17,38,1.0
C2025-17,40,0.0
C2025-17,41,0.0
C2025-17,42,0.0
C2025-17,43,0.0
C2025-17,44,0.0
C2025-17,45,0.0
C2025-17,46,0.0
C2025-17,47,0.0
C2025-17,48,0.0
C2025-17,49,0.0
C2025-17,50,0.0
C2025-17,51,0.0
C2025-17,52,0.0
C2025-17,53,0.0
C2025-17,54,-0.7142857142857143
C2025-17,55,0.0
C2025-17,56,0.0
C2025-17,57,-0.6666666666666666
C2025-17,58,0.0
C2025-17,59,0.0
C2025-17,61,0.0
C2025-17,62,2.0
C2025-17,63,0.0
C2025-17,64,-0.5
C2025-17,65,0.0
C2025-17,66,0.0
C2025-17,68,0.0
C2025-17,69,0.0
C2025-17,70,1.0
C2025-17,71,0.0
C2025-17,72,0.0
C2025-17,73,2.0
C2025-17,74,0.0
C2025-17,75,0.0
C2025-17,78,-0.6666666666666666
C2025-17,79,0.0
C2025-17,80,0.0
C2025-17,81,0.0
C2025-17,82,0.0
C2025-17,83,0.0
C2025-17,84,-0.75
C2025-17,85,0.0
C2025-17,86,0.0
C2025-17,87,0.0
C2025-17,89,0.0
C2025-17,90,4.0
C2025-17,91,0.0
C2025-17,92,0.0
C2025-17,93,0.0
C2025-17,95,0.0
C2025-17,96,0.0
C2025-17,97,0.0
C2025-17,98,0.0
C2025-17,99,2.0
C2025-17,100,0.0
C2025-17,101,0.0
C2025-17,104,0.0
C2025-17,105,1.0
C2025-17,106,0.0
C2025-17,107,0.0
C2025-17,109,0.2
C2025-17,110,0.0
C2025-17,111,0.0
C2025-17,112,0.0
C2025-17,113,0.0
C2025-17,114,0.0
C2025-17,115,0.0
C2025-17,116,-0.6666666666666666
C2025-17,117,0.0
C2025-17,118,0.0
C2025-17,119,0.0
C2025-17,120,0.0
C2025-17,121,0.0
C2025-17,123,0.0
C2025-17,124,1.0
C2025-17,125,0.0
C2025-17,126,0.0
C2025-17,127,0.0
C2025-17,128,-0.5
C2025-17,129,0.0
C2025-17,131,0.0
C2025-17,132,1.0
C2025-17,133,0.0
C2025-17,135,2.0
C2025-17,138,0.0
C2025-17,139,0.0
C2025-17,140,0.0
C2025-17,142,0.0
C2025-17,143,0.0
C2025-17,144,0.5
C2025-17,145,0.0
C2025-17,147,0.0
C2025-17,148,-0.5
C2025-17,151,0.0
C2025-17,152,0.0
C2025-17,154,0.0
C2025-17,157,0.5
C2025-17,158,0.0
C2025-17,159,0.0
C2025-17,160,0.5
C2025-17,161,-0.5
C2025-17,163,-0.3333333333333333
C2025-17,165,0.0
C2025-17,167,0.0
C2025-17,168,1.0
C2025-17,169,0.0
C2025-17,170,1.0
C2025-17,171,0.0
C2025-17,174,0.0
C2025-17,175,0.0
C2025-17,176,0.0
C2025-17,178,-0.6666666666666666
C2025-17,179,0.25
C2025-17,180,0.0
C2025-17,181,0.0
C2025-17,182,0.0
C2025-17,184,0.0
C2025-17,185,0.0
C2025-17,186,-0.14285714285714285
C2025-17,187,0.0
C2025-17,188,0.0
C2025-17,189,0.3333333333333333
C2025-17,190,0.0
C2025-17,192,0.0
C2025-17,193,0.2
C2025-17,194,0.0
C2025-17,195,0.0
C2025-17,196,0.5
C2025-17,198,0.5
C2025-17,200,0.0
C2025-17,202,0.0
C2025-17,203,0.0
C2025-17,204,0.0
C2025-17,205,0.0
C2025-17,207,0.0
C2025-17,208,0.0
C2025-17,211,0.0
C2025-17,212,0.0
C2025-17,214,0.0
C2025-17,216,-0.6
C2025-17,217,0.0
C2025-17,219,0.0
C2025-17,220,1.0
C2025-18,5,0.0
C2025-18,6,0.0
C2025-18,7,0.3333333333333333
C2025-18,8,0.5
C2025-18,9,0.0
C2025-18,10,0.0
C2025-18,12,0.5
C2025-18,15,0.0
C2025-18,16,1.0
C2025-18,17,0.0
C2025-18,18,0.0
C2025-18,21,0.0
C2025-18,22,0.0
C2025-18,23,0.0
C2025-18,24,0.0
C2025-18,25,0.0
C2025-18,26,2.0
C2025-18,27,0.0
C2025-18,28,0.0
C2025-18,31,0.3333333333333333
C2025-18,33,0.0
C2025-18,35,0.0
C2025-18,36,0.0
C2025-18,38,0.3333333333333333
C2025-18,40,0.0
C2025-18,42,0.0
C2025-18,43,-0.5
C2025-18,46,0.2
C2025-18,47,0.3333333333333333
C2025-18,49,0.0
C2025-18,50,0.3333333333333333
C2025-18,51,0.0
C2025-18,52,0.0
C2025-18,53,0.0
C2025-18,55,0.0
C2025-18,56,0.25
C2025-18,57,0.0
C2025-18,58,0.0
C2025-18,60,0.0
C2025-18,61,0.0
C2025-18,62,0.0
C2025-18,63,2.0
C2025-18,64,0.0
C2025-18,66,0.0
C2025-18,67,0.0
C2025-18,68,0.0
C2025-18,69,0.0
C2025-18,71,0.0
C2025-18,72,0.0
C2025-18,73,0.0
C2025-18,75,0.0
C2025-18,76,0.0
C2025-18,77,0.0
C2025-18,79,0.0
C2025-18,80,1.0
C2025-18,81,0.0
C2025-18,82,0.0
C2025-18,83,0.0
C2025-18,86,0.0
C2025-18,87,0.0
C2025-18,89,0.0
C2025-18,90,0.0
C2025-18,92,0.0
C2025-18,93,0.0
C2025-18,94,0.0
C2025-18,97,0.0
C2025-18,100,0.0
C2025-18,102,0.0
C2025-18,103,0.0
C2025-18,104,0.0
C2025-18,105,0.0
C2025-18,106,0.0
C2025-18,108,0.0
C2025-18,110,0.0
C2025-18,112,0.0
C2025-18,115,0.0
C2025-18,118,0.0
C2025-18,119,0.0
C2025-18,120,0.0
C2025-18,122,0.0
C2025-18,124,0.0
C2025-18,125,0.0
C2025-18,126,0.0
C2025-18,127,0.0
C2025-18,129,0.0
C2025-18,132,0.0
C2025-18,133,0.0
C2025-18,134,0.0
C2025-18,135,0.0
C2025-18,136,0.0
C2025-18,137,0.0
C2025-18,138,0.0
C2025-18,139,0.0
C2025-18,140,0.0
C2025-18,141,0.0
C2025-18,142,0.0
C2025-18,145,1.0
C2025-18,147,0.0
C2025-18,148,0.0
C2025-18,149,0.0
C2025-18,150,0.0
C2025-18,151,1.0
C2025-18,152,0.0
C2025-18,154,0.0
C2025-18,155,0.3333333333333333
C2025-18,156,0.0
C2025-18,158,0.0
C2025-18,160,0.0
C2025-18,161,0.0
C2025-18,162,0.0
C2025-18,163,0.0
C2025-18,166,0.0
C2025-18,167,0.0
C2025-18,169,0.0
C2025-18,170,0.0
C2025-18,171,0.0
C2025-18,172,0.0
C2025-18,174,0.0
C2025-18,175,0.0
C2025-18,176,0.0
C2025-18,177,0.0
C2025-18,178,0.0
C2025-18,179,0.0
C2025-18,180,0.0
C2025-18,181,0.0
C2025-18,183,0.0
C2025-18,184,0.0
C2025-18,185,0.0
C2025-18,186,0.0
C2025-18,189,0.0
C2025-18,190,0.0
C2025-18,191,0.0
C2025-18,192,0.0
C2025-18,193,0.0
C2025-18,194,0.0
C2025-18,196,0.0
C2025-18,197,0.0
C2025-18,198,0.0
C2025-18,200,0.0
C2025-18,201,0.0
C2025-18,202,0.0
C2025-18,203,0.0
C2025-18,205,0.0
C2025-18,206,0.0
C2025-18,207,0.0
C2025-18,208,0.0
C2025-18,209,0.0
C2025-18,210,0.0
C2025-18,211,0.0
C2025-18,212,0.0
C2025-18,213,0.0
C2025-18,214,0.0
C2025-18,215,0.0
C2025-18,216,0.0
C2025-18,217,0.0
C2025-18,218,0.0
C2025-18,219,0.0
C2025-18,220,0.0
C2025-18,221,0.0
C2025-18,224,0.0
C2025-18,226,0.0
C2025-18,227,0.0
C2025-18,228,0.0
C2025-18,229,0.0
C2025-18,231,0.0
C2025-18,232,0.0
C2025-18,233,0.0
C2025-18,234,0.0
C2025-18,235,0.0
C2025-18,236,0.0
C2025-18,237,0.0
C2025-18,238,0.0
C2025-18,239,0.0
C2025-18,240,0.0
C2025-18,241,0.0
C2025-18,242,0.0
C2025-18,243,0.0
C2025-18,244,0.0
C2025-18,245,0.0
C2025-18,246,0.0
C2025-18,247,0.0
C2025-18,248,0.0
C2025-18,251,0.0
C2025-18,254,0.0
C2025-18,255,0.0
C2025-18,256,0.0
C2025-18,257,0.0
C2025-18,258,0.0
C2025-18,260,0.0
C2025-18,261,0.0
C2025-18,262,0.0
C2025-18,265,0.0
C2025-18,266,0.0
C2025-18,267,0.0
C2025-18,268,0.0
C2025-18,269,0.0
C2025-18,271,0.0
C2025-18,272,0.0
C2025-18,273,0.0
C2025-18,274,0.0
C2025-18,275,0.0
C2025-18,276,0.0
C2025-18,277,0.0
C2025-18,279,0.0
C2025-18,280,0.0
C2025-18,281,0.0
C2025-18,282,0.0
C2025-18,285,0.0
C2025-18,286,0.0
C2025-18,287,0.0
C2025-18,288,0.0
C2025-18,290,0.0
C2025-18,293,0.0
C2025-18,295,0.0
C2025-18,296,0.0
C2025-18,297,0.0
C2025-18,298,0.0
C2025-18,300,0.0
C2025-18,301,0.0
C2025-18,302,0.0
C2025-18,304,0.0
C2025-18,306,0.0
C2025-18,308,0.0
C2025-18,309,0.0
C2025-18,310,0.0
C2025-18,311,0.0
C2025-18,312,0.0
C2025-18,314,0.0
C2025-18,315,0.0
C2025-18,316,0.0
C2025-18,317,0.0
C2025-18,318,0.0
C2025-18,319,0.0
C2025-18,321,0.0
C2025-18,322,0.0
C2025-18,323,0.0
C2025-18,324,0.0
C2025-18,325,0.0
C2025-18,326,0.0
C2025-18,327,0.0
C2025-18,328,0.0
C2025-18,329,0.0
C2025-18,330,0.0
C2025-18,332,0.0
C2025-18,333,0.0
C2025-18,334,0.0
C2025-18,335,0.0
C2025-18,336,0.0
C2025-18,337,0.0
C2025-18,338,0.0
C2025-18,339,0.0
C2025-18,341,0.0
C2025-18,342,0.0
C2025-18,343,0.0
C2025-18,344,0.0
C2025-18,347,0.0
C2025-18,348,0.0
C2025-18,349,0.0
C2025-18,350,0.0
C2025-18,351,0.0
C2025-18,352,0.0
C2025-18,353,0.0
C2025-18,354,0.0
C2025-18,355,0.0
C2025-18,356,0.0
C2025-18,358,0.0
C2025-19,3,0.0
C2025-19,4,0.0
C2025-19,5,0.0
C2025-19,8,0.0
C2025-19,10,0.0
C2025-19,12,0.0
C2025-19,14,0.0
C2025-19,15,0.0
C2025-19,17,0.0
C2025-19,18,0.0
C2025-19,20,0.0
C2025-19,22,0.0
C2025-19,23,0.0
C2025-19,26,0.6666666666666666
C2025-19,27,-0.3333333333333333
C2025-19,29,0.3333333333333333
C2025-19,30,-0.3333333333333333
C2025-19,31,0.0
C2025-19,33,0.6666666666666666
C2025-19,34,0.0
C2025-19,35,-0.6666666666666666
C2025-19,36,0.375
C2025-19,37,0.0
C2025-19,38,0.2
C2025-19,39,0.0
C2025-19,41,-0.3333333333333333
C2025-19,42,0.0
C2025-19,43,0.0
C2025-19,44,-0.2
C2025-19,45,0.0
C2025-19,46,0.3
C2025-19,47,0.0
C2025-19,49,1.0
C2025-19,50,0.0
C2025-19,51,-0.3333333333333333
C2025-19,52,0.6
C2025-19,53,-0.5714285714285714
C2025-19,54,3.0
C2025-20,3,1.0
C2025-20,4,1.0
C2025-20,7,0.0
C2025-20,9,1.0
C2025-20,11,1.0
C2025-20,13,1.0
C2025-20,14,0.0
C2025-20,16,0.0
C2025-20,17,0.0
C2025-20,19,1.0
C2025-20,21,1.0
C2025-20,22,0.5
C2025-20,25,0.5
C2025-20,26,0.3333333333333333
C2025-20,28,0.6666666666666666
C2025-20,29,0.0
C2025-20,30,-0.6666666666666666
C2025-20,32,1.0
C2025-20,33,1.0
C2025-20,34,0.0
C2025-20,35,-0.2857142857142857
C2025-20,37,0.5
C2025-20,38,0.5
C2025-20,39,1.0
C2025-20,40,-0.25
C2025-20,41,0.0
C2025-20,42,-0.6428571428571429
C2025-20,43,2.0
C2025-20,45,0.3333333333333333
C2025-20,46,0.5
C2025-20,47,1.0
C2025-20,48,0.3333333333333333
C2025-20,49,0.25
C2025-20,50,0.0
C2025-21,4,0.0
C2025-21,5,0.0
C2025-21,6,0.0
C2025-21,7,0.0
C2025-21,9,0.2
C2025-21,10,1.0
C2025-21,11,2.0
C2025-21,12,0.0
C2025-21,14,0.0
C2025-21,15,0.0
C2025-21,16,0.0
C2025-21,17,0.0
C2025-21,20,1.0
C2025-21,21,0.0
C2025-21,22,0.0
C2025-21,23,0.0
C2025-21,24,0.0
C2025-21,26,0.0
C2025-21,27,0.3333333333333333
C2025-21,30,1.0
C2025-21,31,0.0
C2025-21,33,0.0
C2025-21,34,0.0
C2025-21,35,0.0
C2025-21,37,0.0
C2025-21,38,-0.2
C2025-21,39,0.0
C2025-21,41,0.0
C2025-21,42,0.0
C2025-21,43,0.0
C2025-21,46,0.13333333333333333
C2025-21,47,1.0
C2025-21,49,-0.16666666666666666
C2025-21,50,0.16666666666666666
C2025-21,51,-0.3333333333333333
C2025-21,53,1.0
C2025-21,54,0.0
C2025-21,55,0.5
C2025-21,58,2.0
C2025-21,59,-0.5
C2025-21,60,2.0
C2025-21,62,1.0
C2025-21,63,0.0
C2025-21,65,2.0
C2025-21,68,0.0
C2025-21,69,0.0
C2025-21,70,1.0
C2025-21,71,0.0
C2025-21,72,0.0
C2025-21,75,2.0
C2025-21,77,0.0
C2025-21,78,0.0
C2025-21,79,0.0
C2025-21,81,2.0
C2025-21,82,0.0
C2025-21,83,0.0
C2025-21,86,0.0
C2025-21,87,0.0
C2025-21,89,1.0
C2025-21,90,1.0
C2025-21,91,0.0
C2025-21,93,0.0
C2025-21,94,0.0
C2025-21,95,1.0
C2025-21,97,0.0
C2025-21,98,0.0
C2025-21,99,0.0
C2025-21,102,0.42857142857142855
C2025-21,104,-0.2
C2025-21,105,0.5
C2025-21,106,0.0
C2025-21,107,0.5
C2025-21,109,0.0
C2025-21,111,0.0
C2025-21,112,0.0
C2025-21,114,0.0
C2025-21,115,0.0
C2025-21,117,0.0
C2025-21,118,0.0
C2025-21,119,0.0
C2025-21,120,0.0
C2025-21,122,0.0
C2025-21,123,0.0
C2025-21,125,0.0
C2025-21,127,0.0
C2025-21,128,0.0
C2025-21,130,0.0
C2025-21,131,1.0
C2025-21,132,1.0
C2025-21,135,1.0
C2025-21,137,1.0
C2025-21,139,0.0
C2025-21,140,0.0
C2025-21,142,0.0
C2025-21,145,0.0
C2025-21,146,0.0
C2025-21,147,0.0
C2025-21,148,0.0
C2025-21,150,0.0
C2025-21,151,0.0
C2025-21,152,0.0
C2025-21,153,0.0
C2025-21,154,0.0
C2025-21,155,0.0
C2025-21,157,0.0
C2025-21,158,0.0
C2025-21,159,0.0
C2025-21,161,0.0
C2025-21,162,0.0
C2025-21,163,2.0
C2025-21,166,0.0
C2025-21,167,0.0
C2025-21,168,0.0
C2025-21,170,0.0
C2025-21,173,0.0
C2025-21,174,0.0
C2025-21,176,0.0
C2025-21,177,0.0
C2025-21,178,0.0
C2025-21,179,0.0
C2025-21,181,0.0
C2025-21,182,0.0
C2025-21,183,0.0
C2025-21,184,0.0
C2025-21,185,0.0
C2025-21,186,0.0
C2025-21,188,0.0
C2025-21,189,0.0
C2025-21,190,0.0
C2025-21,193,0.0
C2025-21,195,0.0
C2025-21,196,2.0
C2025-21,199,0.0
C2025-21,200,0.0
C2025-21,201,3.0
C2025-21,202,0.0
C2025-21,205,0.0
C2025-21,206,0.0
C2025-21,207,0.0
C2025-21,208,0.0
C2025-22,3,1.0
C2025-22,4,1.0
C2025-22,5,0.0
C2025-22,7,0.0
C2025-22,8,0.0
C2025-22,9,0.0
C2025-22,10,0.0
C2025-22,11,0.0
C2025-22,13,4.0
C2025-22,15,0.0
C2025-22,17,-0.6
C2025-22,18,0.125
C2025-22,21,1.0
C2025-22,22,2.0
C2025-22,24,2.0
C2025-22,26,1.0
C2025-22,27,0.0
C2025-22,28,1.0
C2025-22,29,0.0
C2025-22,30,0.0
C2025-22,32,0.0
C2025-22,33,1.0
C2025-22,34,0.0
C2025-22,36,0.0
C2025-22,38,0.0
C2025-22,41,0.0
C2025-22,42,0.0
C2025-22,43,0.0
C2025-22,45,0.0
C2025-22,46,0.0
C2025-22,47,0.0
C2025-22,49,1.0
C2025-22,50,0.0
C2025-22,52,0.0
C2025-22,53,1.0
C2025-22,54,0.0
C2025-22,55,0.0
C2025-22,57,0.0
C2025-22,58,1.0
C2025-22,59,0.0
C2025-22,61,0.0
C2025-22,63,1.0
C2025-22,64,0.0
C2025-22,66,1.0
C2025-22,67,0.0
C2025-23,6,0.0
C2025-23,7,0.0
C2025-23,8,0.0
C2025-23,9,0.0
C2025-23,11,-0.13333333333333333
C2025-23,12,-0.13333333333333333
C2025-23,14,0.0
C2025-23,16,-0.13333333333333333
C2025-23,18,0.5
C2025-23,20,-0.13333333333333333
C2025-23,21,0.0
C2025-23,22,0.0
C2025-23,23,0.0
C2025-23,24,-0.13333333333333333
C2025-23,25,-0.13333333333333333
C2025-23,29,0.0
C2025-23,31,0.0
C2025-23,33,0.0
C2025-23,34,0.0
C2025-23,37,-0.16666666666666666
C2025-23,38,-0.16666666666666666
C2025-23,40,0.0
C2025-23,41,0.0
C2025-23,44,0.0
C2025-23,45,0.0
C2025-23,46,-0.2
C2025-23,47,1.0
C2025-23,50,0.5
C2025-23,51,-0.3333333333333333
C2025-23,52,3.0
C2025-23,54,1.0
C2025-23,55,-0.5
C2025-23,57,1.0
C2025-23,58,-0.4
C2025-23,59,-0.3333333333333333
C2025-23,62,1.0
C2025-23,64,0.0
C2025-23,65,0.5
C2025-23,66,1.0
C2025-23,68,-0.5
C2025-23,70,-0.2
C2025-23,73,-0.7142857142857143
C2025-23,74,1.0
C2025-23,75,0.0
C2025-23,77,-0.4
C2025-23,78,-0.2857142857142857
C2025-23,79,1.0
C2025-23,80,1.0
C2025-23,83,2.0
C2025-23,86,1.0
C2025-23,88,1.0
C2025-23,89,2.0
C2025-23,90,1.0
C2025-23,92,1.0
C2025-23,95,2.0
C2025-24,6,0.0
C2025-24,7,0.0
C2025-24,8,0.0
C2025-24,9,0.0
C2025-24,10,0.0
C2025-24,12,0.0
C2025-24,13,0.0
C2025-24,14,0.0
C2025-24,15,0.0
C2025-24,17,0.0
C2025-24,18,0.0
C2025-24,19,0.0
C2025-24,22,0.0
C2025-24,24,0.0
C2025-24,25,0.0
C2025-24,26,0.0
C2025-24,27,0.0
C2025-24,28,0.0
C2025-24,29,0.0
C2025-24,31,0.0
C2025-24,34,0.5
C2025-24,35,0.5
C2025-24,36,1.0
C2025-24,38,0.3333333333333333
C2025-24,39,2.0
C2025-24,41,0.3333333333333333
C2025-24,42,0.3333333333333333
C2025-24,44,0.2857142857142857
C2025-24,45,1.0
C2025-24,48,-0.2857142857142857
C2025-24,49,0.0
C2025-24,51,0.0
C2025-24,52,-0.6666666666666666
C2025-24,53,-0.25
C2025-24,54,0.0
C2025-24,55,2.0
C2025-24,57,0.5
C2025-24,58,1.0
C2025-24,60,0.5
C2025-24,61,0.3333333333333333
C2025-24,62,0.1111111111111111
C2025-24,63,1.0
C2025-24,64,0.0
C2025-24,66,1.0
C2025-24,67,0.0
C2025-24,69,0.0
C2025-24,70,0.0
C2025-24,72,0.0
C2025-24,75,0.0
C2025-24,76,0.0
C2025-24,77,0.5
C2025-24,79,1.0
C2025-24,80,1.0
C2025-24,81,0.0
C2025-24,83,0.0
C2025-24,84,0.0
C2025-24,85,1.0
C2025-24,86,0.0
C2025-24,88,0.0
C2025-24,90,0.25
C2025-24,91,0.0
C2025-24,92,0.0
C2025-24,93,0.0
C2025-24,94,0.0
C2025-24,95,0.0
C2025-24,97,1.0
C2025-24,98,2.0
C2025-24,99,2.0
C2025-24,101,1.0
C2025-24,102,0.0
C2025-24,103,1.0
C2025-24,105,-0.4
C2025-24,106,0.0
C2025-24,108,0.0
C2025-24,109,-0.5
C2025-24,110,1.0
C2025-24,111,0.0
C2025-25,6,0.0
C2025-25,7,2.0
C2025-25,8,-0.3333333333333333
C2025-25,9,0.0
C2025-25,10,0.0
C2025-25,12,0.0
C2025-25,13,0.3333333333333333
C2025-25,14,0.0
C2025-25,15,-0.2
C2025-25,17,0.0
C2025-25,18,0.0
C2025-25,19,0.0
C2025-25,22,0.0
C2025-25,23,0.0
C2025-25,25,0.0
C2025-25,26,0.0
C2025-25,27,0.0
C2025-25,28,0.0
C2025-25,29,0.0
C2025-25,30,0.0
C2025-25,32,0.0
C2025-25,35,3.0
C2025-25,36,0.0
C2025-25,37,0.0
C2025-25,38,0.0
C2025-25,39,0.0
C2025-25,42,0.0
C2025-25,43,2.0
C2025-25,44,0.0
C2025-25,45,0.0
C2025-25,46,0.0
C2025-25,47,2.0
C2025-25,48,0.0
C2025-25,50,2.0
C2025-25,51,0.0
C2025-25,53,0.0
C2025-25,54,0.0
C2025-25,55,0.0
C2025-25,56,0.0
C2025-25,57,0.0
C2025-25,59,0.0
C2025-25,60,0.25
C2025-25,61,0.0
C2025-25,62,0.0
C2025-25,63,-0.16666666666666666
C2025-25,64,0.0
C2025-25,66,0.0
C2025-25,67,0.0
C2025-25,68,0.0
C2025-25,71,0.0
C2025-25,72,0.0
C2025-25,73,0.0
C2025-25,74,1.5
C2025-25,75,-0.14285714285714285
C2025-25,76,0.0
C2025-25,77,3.0
C2025-25,78,-0.09090909090909091
C2025-25,80,-0.2608695652173913
C2025-25,81,0.0
C2025-25,83,0.0
C2025-25,84,3.0
C2025-25,85,0.0
C2025-25,87,-0.16666666666666666
C2025-25,89,0.0
C2025-25,90,2.0
C2025-25,91,4.0
C2025-25,92,0.0
C2025-25,93,0.0
C2025-25,94,0.0
C2025-25,95,3.0
C2025-25,96,0.0
C2025-25,97,0.0
C2025-25,98,-0.3
C2025-26,5,0.0
C2025-26,6,0.0
C2025-26,7,0.0
C2025-26,8,0.0
C2025-26,9,0.0
C2025-26,10,0.0
C2025-26,11,0.0
C2025-26,12,0.0
C2025-26,13,0.0
C2025-26,14,0.0
C2025-26,16,0.0
C2025-26,17,0.0
C2025-26,18,0.0
C2025-26,19,0.0
C2025-26,20,0.0
C2025-26,21,0.0
C2025-26,23,0.0
C2025-26,25,0.0
C2025-26,27,0.0
C2025-26,29,0.0
C2025-26,32,0.4
C2025-26,34,0.0
C2025-26,35,-0.3333333333333333
C2025-26,36,0.0
C2025-26,39,-0.42857142857142855
C2025-26,41,0.0
C2025-26,42,0.0
C2025-26,44,3.0
C2025-26,45,0.0
C2025-26,47,0.0
C2025-26,50,0.0
C2025-26,51,0.0
C2025-26,53,0.0
C2025-26,54,0.0
C2025-26,55,0.0
C2025-26,57,0.0
C2025-26,58,0.0
C2025-26,59,0.0
C2025-26,61,0.0
C2025-26,62,2.0
C2025-26,63,0.0
C2025-26,65,0.0
C2025-26,66,0.0
C2025-26,67,0.0
C2025-26,69,0.0
C2025-26,70,0.0
C2025-26,71,0.0
C2025-26,73,0.5
C2025-26,74,-0.5
C2025-26,75,0.0
C2025-26,77,0.0
C2025-26,78,-0.4
C2025-26,79,-0.23076923076923078
C2025-26,82,-0.3333333333333333
C2025-26,83,0.3
C2025-26,85,-0.6666666666666666
C2025-26,86,0.0
C2025-26,87,-0.4
C2025-26,88,-0.6
C2025-26,90,0.0
C2025-26,91,3.0
C2025-26,93,0.0
C2025-26,95,0.6666666666666666
C2025-26,96,0.0
C2025-26,98,0.0
C2025-26,100,0.0
C2025-26,101,0.0
C2025-26,102,0.0
C2025-26,103,0.0
C2025-26,104,0.0
C2025-26,105,0.0
C2025-26,106,0.0
C2025-26,107,-0.6666666666666666
C2025-26,108,0.0
C2025-26,111,1.0
C2025-26,113,0.0
C2025-26,114,-0.5
C2025-26,115,0.0
C2025-26,116,2.0
C2025-26,118,0.0
C2025-26,121,1.3333333333333333
C2025-26,122,0.0
C2025-26,125,1.0
C2025-26,127,0.0
C2025-26,129,-0.2857142857142857
C2025-27,5,0.0
C2025-27,6,0.0
C2025-27,7,0.0
C2025-27,8,0.0
C2025-27,9,3.0
C2025-27,11,0.3333333333333333
C2025-27,12,0.0
C2025-27,13,0.2
C2025-27,14,0.0
C2025-27,15,0.0
C2025-27,17,0.16666666666666666
C2025-27,18,-0.3333333333333333
C2025-27,19,0.0
C2025-27,20,0.0
C2025-27,22,0.0
C2025-27,23,1.0
C2025-27,24,0.0
C2025-27,25,0.0
C2025-27,27,0.0
C2025-27,28,0.0
C2025-27,29,0.0
C2025-27,30,0.0
C2025-27,33,1.0
C2025-27,35,0.0
C2025-27,36,2.5
C2025-27,37,0.0
C2025-27,38,0.0
C2025-27,39,0.0
C2025-27,40,0.0
C2025-27,42,0.0
C2025-27,43,3.0
C2025-27,44,0.0
C2025-27,46,0.0
C2025-27,48,0.0
C2025-27,49,2.5
C2025-27,50,0.0
C2025-27,51,2.0
C2025-27,52,0.0
C2025-27,53,1.0
C2025-27,54,2.0
C2025-27,57,1.5
C2025-27,59,2.0
C2025-27,60,1.0
C2025-27,61,0.0
C2025-27,62,0.0
C2025-27,63,0.0
C2025-27,64,0.0
C2025-27,66,1.5
C2025-27,67,0.0
C2025-27,69,1.0
C2025-27,70,2.0
C2025-27,71,0.0
C2025-27,72,0.0
C2025-27,73,0.0
C2025-27,74,0.0
C2025-27,75,0.0
C2025-27,76,4.0
C2025-27,77,0.0
C2025-27,78,0.0
C2025-27,79,0.0
C2025-27,81,0.0
C2025-27,82,0.0
C2025-27,83,1.5
C2025-27,84,0.0
C2025-27,85,0.0
C2025-27,86,0.0
C2025-27,87,0.0
C2025-27,88,0.0
C2025-27,89,0.0
C2025-27,92,3.0
C2025-27,93,0.4
C2025-27,95,0.0
C2025-27,97,0.0
C2025-27,98,0.3
C2025-27,99,0.0
C2025-27,100,0.0
C2025-27,102,0.4
C2025-27,104,0.0
C2025-27,106,3.0
C2025-27,108,2.0
C2025-27,111,0.0
C2025-27,113,0.0
C2025-27,114,0.0
C2025-27,116,0.0
C2025-27,117,0.0
C2025-27,118,0.0
C2025-27,120,0.0
C2025-27,121,0.0
C2025-27,122,0.0
C2025-27,124,0.0
C2025-27,125,0.0
C2025-27,128,0.75
C2025-27,130,0.0
C2025-27,131,0.0
C2025-27,133,0.6666666666666666
C2025-27,134,0.0
C2025-27,135,2.0
C2025-27,136,0.0
C2025-27,137,0.0
C2025-27,138,0.0
C2025-27,140,1.0
C2025-27,141,0.0
C2025-27,142,0.0
C2025-27,144,0.2
C2025-27,146,0.0
C2025-27,147,2.0
C2025-27,150,0.0
C2025-27,151,0.0
C2025-27,153,0.0
C2025-27,155,0.0
C2025-27,156,0.0
C2025-27,158,-0.42857142857142855
C2025-27,159,0.0
C2025-27,160,0.0
C2025-27,162,0.0
C2025-27,163,0.0
C2025-27,165,0.0
C2025-27,167,0.0
C2025-27,169,5.0
C2025-27,172,0.0
C2025-27,173,0.0
C2025-27,174,0.0
C2025-27,175,0.0
C2025-27,177,0.6666666666666666
C2025-27,178,0.0
C2025-27,179,1.0
C2025-27,180,0.0
C2025-28,4,0.0
C2025-28,5,0.0
C2025-28,6,0.0
C2025-28,7,0.0
C2025-28,9,0.0
C2025-28,10,0.0
C2025-28,11,0.0
C2025-28,12,0.0
C2025-28,16,0.0
C2025-28,17,0.3
C2025-28,18,0.0
C2025-28,19,0.0
C2025-28,20,0.0
C2025-28,22,0.25
C2025-28,23,0.0
C2025-28,24,0.0
C2025-28,25,0.0
C2025-28,27,-0.25
C2025-28,28,-0.16129032258064516
C2025-28,29,0.3
C2025-28,30,-0.2857142857142857
C2025-28,31,0.5
C2025-28,32,2.0
C2025-28,33,3.0
C2025-28,34,0.0
C2025-28,36,0.75
C2025-28,37,0.0
C2025-28,38,-0.5
C2025-28,40,3.0
C2025-28,43,0.0
C2025-28,44,0.0
C2025-28,45,0.0
C2025-28,46,0.0
C2025-28,48,0.0
C2025-28,49,0.0
C2025-28,50,0.0
C2025-28,51,0.0
C2025-28,52,0.0
C2025-28,54,0.0
C2025-28,55,0.0
C2025-28,56,0.0
C2025-28,58,0.0
C2025-28,60,0.0
C2025-28,61,0.0
C2025-28,62,0.0
C2025-28,63,0.0
C2025-28,65,0.0
C2025-28,66,0.0
C2025-28,68,0.0
C2025-28,70,0.0
C2025-28,72,0.0
C2025-28,75,0.0
C2025-28,77,0.0
C2025-28,78,0.0
C2025-28,80,0.0
C2025-28,82,0.0
C2025-28,84,0.0
C2025-28,85,0.0
